"Path","Hash"
"C:\Users\Robert\code\Pleiades\Core\benchmarks\search-alternatives\src\corpus.rs","053B13F08AB88A07D3E41C4C7532CEF60726A31FE1A8822FE1C3EE9197B4B98C"
"C:\Users\Robert\code\Pleiades\Core\benchmarks\search-alternatives\src\main.rs","8F72A267C8ABD63BDB112D30BC9EF583F61D01DBD91ED9A88C72855B85CB37DF"
"C:\Users\Robert\code\Pleiades\Core\benchmarks\search-alternatives\src\matching.rs","EB7C515A6CB591D0A3020D082A1C4750550275760F19B726A2E99517B6E08909"
"C:\Users\Robert\code\Pleiades\Core\benchmarks\search-alternatives\src\measurement.rs","25235B0C186D5714C15E3E3336F0FA7F8846CA524C9DD824AA341255E37F0115"
"C:\Users\Robert\code\Pleiades\Core\benchmarks\search-alternatives\src\postings.rs","C412F0AD6228829A1AC5F2D7F772261B474501549C6E938562BD8ADF00046948"
"C:\Users\Robert\code\Pleiades\Core\benchmarks\search-alternatives\src\quality.rs","B7CF640FCDCB100F69EDDB81C1F6D144601731E6EB67BA9153D1BC87422B9E57"
"C:\Users\Robert\code\Pleiades\Core\benchmarks\search-alternatives\src\fixtures\arena.rs","40F6263926B55F2C86126526D4A0CBF6A4BF9535241CCEC99D94B81B86FCE35F"
"C:\Users\Robert\code\Pleiades\Core\benchmarks\search-alternatives\src\fixtures\filename.rs","23C74543E45F7DF9C43DD7C927AA7D873920D87DF7EA4CAA77B3F6D848CC2A04"
"C:\Users\Robert\code\Pleiades\Core\benchmarks\search-alternatives\src\fixtures\index.rs","20BBDEC0E1A577A754B85EE0D81A1D62FF31C601BCDA4B83A56F44EE56CE02F6"
