"Kind","Case","SamplesPerRun","MedianNs","MinRunMedianNs","MaxRunMedianNs","MedianRunP95Ns","AllocationCalls","RequestedBytes","RetainedBytes","PeakBytes"
"allocation","150000/flat_postings/cold_scratch/a","1","0","0","0","0","16","3145680","0","1572864"
"allocation","150000/flat_postings/cold_scratch/needle_7fd9","1","0","0","0","0","1","48","0","48"
"allocation","150000/flat_postings/cold_scratch/report","1","0","0","0","0","13","393168","0","196608"
"allocation","150000/flat_postings/cold_scratch/zzqxyw_no_such_file","1","0","0","0","0","0","0","0","0"
"allocation","150000/flat_postings/warm_scratch/a","1","0","0","0","0","0","0","0","0"
"allocation","150000/flat_postings/warm_scratch/needle_7fd9","1","0","0","0","0","0","0","0","0"
"allocation","150000/flat_postings/warm_scratch/report","1","0","0","0","0","0","0","0","0"
"allocation","150000/flat_postings/warm_scratch/zzqxyw_no_such_file","1","0","0","0","0","0","0","0","0"
"allocation","150000/rarest_posting/cold_scratch/a","1","0","0","0","0","16","3145680","0","1572864"
"allocation","150000/rarest_posting/cold_scratch/needle_7fd9","1","0","0","0","0","1","48","0","48"
"allocation","150000/rarest_posting/cold_scratch/report","1","0","0","0","0","13","393168","0","196608"
"allocation","150000/rarest_posting/cold_scratch/zzqxyw_no_such_file","1","0","0","0","0","0","0","0","0"
"allocation","150000/rarest_posting/warm_scratch/a","1","0","0","0","0","0","0","0","0"
"allocation","150000/rarest_posting/warm_scratch/needle_7fd9","1","0","0","0","0","0","0","0","0"
"allocation","150000/rarest_posting/warm_scratch/report","1","0","0","0","0","0","0","0","0"
"allocation","150000/rarest_posting/warm_scratch/zzqxyw_no_such_file","1","0","0","0","0","0","0","0","0"
"allocation","150000/scan/cold_scratch/a","1","0","0","0","0","16","3145680","0","1572864"
"allocation","150000/scan/cold_scratch/needle_7fd9","1","0","0","0","0","1","48","0","48"
"allocation","150000/scan/cold_scratch/report","1","0","0","0","0","13","393168","0","196608"
"allocation","150000/scan/cold_scratch/zzqxyw_no_such_file","1","0","0","0","0","0","0","0","0"
"allocation","150000/scan/warm_scratch/a","1","0","0","0","0","0","0","0","0"
"allocation","150000/scan/warm_scratch/needle_7fd9","1","0","0","0","0","0","0","0","0"
"allocation","150000/scan/warm_scratch/report","1","0","0","0","0","0","0","0","0"
"allocation","150000/scan/warm_scratch/zzqxyw_no_such_file","1","0","0","0","0","0","0","0","0"
"allocation","150000/upstream_candidates/cold_scratch/a","1","0","0","0","0","16","3145680","0","1572864"
"allocation","150000/upstream_candidates/cold_scratch/needle_7fd9","1","0","0","0","0","6","504","0","264"
"allocation","150000/upstream_candidates/cold_scratch/report","1","0","0","0","0","16","470680","0","235332"
"allocation","150000/upstream_candidates/cold_scratch/zzqxyw_no_such_file","1","0","0","0","0","3","196","0","132"
"allocation","150000/upstream_candidates/warm_scratch/a","1","0","0","0","0","0","0","0","0"
"allocation","150000/upstream_candidates/warm_scratch/needle_7fd9","1","0","0","0","0","5","456","0","264"
"allocation","150000/upstream_candidates/warm_scratch/report","1","0","0","0","0","3","77512","0","77512"
"allocation","150000/upstream_candidates/warm_scratch/zzqxyw_no_such_file","1","0","0","0","0","3","196","0","132"
"allocation","150000/upstream_complete/a","1","0","0","0","0","25","155005","0","153141"
"allocation","150000/upstream_complete/needle_7fd9","1","0","0","0","0","28","5545106","0","3447502"
"allocation","150000/upstream_complete/report","1","0","0","0","0","32","568065","0","397538"
"allocation","150000/upstream_complete/zzqxyw_no_such_file","1","0","0","0","0","24","5544775","0","3447459"
"allocation","2000/flat_postings/cold_scratch/a","1","0","0","0","0","10","49104","0","24576"
"allocation","2000/flat_postings/cold_scratch/needle_7fd9","1","0","0","0","0","1","48","0","48"
"allocation","2000/flat_postings/cold_scratch/report","1","0","0","0","0","6","3024","0","1536"
"allocation","2000/flat_postings/cold_scratch/zzqxyw_no_such_file","1","0","0","0","0","0","0","0","0"
"allocation","2000/flat_postings/warm_scratch/a","1","0","0","0","0","0","0","0","0"
"allocation","2000/flat_postings/warm_scratch/needle_7fd9","1","0","0","0","0","0","0","0","0"
"allocation","2000/flat_postings/warm_scratch/report","1","0","0","0","0","0","0","0","0"
"allocation","2000/flat_postings/warm_scratch/zzqxyw_no_such_file","1","0","0","0","0","0","0","0","0"
"allocation","2000/rarest_posting/cold_scratch/a","1","0","0","0","0","10","49104","0","24576"
"allocation","2000/rarest_posting/cold_scratch/needle_7fd9","1","0","0","0","0","1","48","0","48"
"allocation","2000/rarest_posting/cold_scratch/report","1","0","0","0","0","6","3024","0","1536"
"allocation","2000/rarest_posting/cold_scratch/zzqxyw_no_such_file","1","0","0","0","0","0","0","0","0"
"allocation","2000/rarest_posting/warm_scratch/a","1","0","0","0","0","0","0","0","0"
"allocation","2000/rarest_posting/warm_scratch/needle_7fd9","1","0","0","0","0","0","0","0","0"
"allocation","2000/rarest_posting/warm_scratch/report","1","0","0","0","0","0","0","0","0"
"allocation","2000/rarest_posting/warm_scratch/zzqxyw_no_such_file","1","0","0","0","0","0","0","0","0"
"allocation","2000/scan/cold_scratch/a","1","0","0","0","0","10","49104","0","24576"
"allocation","2000/scan/cold_scratch/needle_7fd9","1","0","0","0","0","1","48","0","48"
"allocation","2000/scan/cold_scratch/report","1","0","0","0","0","6","3024","0","1536"
"allocation","2000/scan/cold_scratch/zzqxyw_no_such_file","1","0","0","0","0","0","0","0","0"
"allocation","2000/scan/warm_scratch/a","1","0","0","0","0","0","0","0","0"
"allocation","2000/scan/warm_scratch/needle_7fd9","1","0","0","0","0","0","0","0","0"
"allocation","2000/scan/warm_scratch/report","1","0","0","0","0","0","0","0","0"
"allocation","2000/scan/warm_scratch/zzqxyw_no_such_file","1","0","0","0","0","0","0","0","0"
"allocation","2000/upstream_candidates/cold_scratch/a","1","0","0","0","0","10","49104","0","24576"
"allocation","2000/upstream_candidates/cold_scratch/needle_7fd9","1","0","0","0","0","6","504","0","264"
"allocation","2000/upstream_candidates/cold_scratch/report","1","0","0","0","0","9","4096","0","2040"
"allocation","2000/upstream_candidates/cold_scratch/zzqxyw_no_such_file","1","0","0","0","0","3","196","0","132"
"allocation","2000/upstream_candidates/warm_scratch/a","1","0","0","0","0","0","0","0","0"
"allocation","2000/upstream_candidates/warm_scratch/needle_7fd9","1","0","0","0","0","5","456","0","264"
"allocation","2000/upstream_candidates/warm_scratch/report","1","0","0","0","0","3","1072","0","1072"
"allocation","2000/upstream_candidates/warm_scratch/zzqxyw_no_such_file","1","0","0","0","0","3","196","0","132"
"allocation","2000/upstream_complete/a","1","0","0","0","0","32","5975","0","4089"
"allocation","2000/upstream_complete/needle_7fd9","1","0","0","0","0","21","51570","0","34734"
"allocation","2000/upstream_complete/report","1","0","0","0","0","24","6081","0","4521"
"allocation","2000/upstream_complete/zzqxyw_no_such_file","1","0","0","0","0","17","51239","0","34691"
"allocation","50000/flat_postings/cold_scratch/a","1","0","0","0","0","15","1572816","0","786432"
"allocation","50000/flat_postings/cold_scratch/needle_7fd9","1","0","0","0","0","1","48","0","48"
"allocation","50000/flat_postings/cold_scratch/report","1","0","0","0","0","11","98256","0","49152"
"allocation","50000/flat_postings/cold_scratch/zzqxyw_no_such_file","1","0","0","0","0","0","0","0","0"
"allocation","50000/flat_postings/warm_scratch/a","1","0","0","0","0","0","0","0","0"
"allocation","50000/flat_postings/warm_scratch/needle_7fd9","1","0","0","0","0","0","0","0","0"
"allocation","50000/flat_postings/warm_scratch/report","1","0","0","0","0","0","0","0","0"
"allocation","50000/flat_postings/warm_scratch/zzqxyw_no_such_file","1","0","0","0","0","0","0","0","0"
"allocation","50000/rarest_posting/cold_scratch/a","1","0","0","0","0","15","1572816","0","786432"
"allocation","50000/rarest_posting/cold_scratch/needle_7fd9","1","0","0","0","0","1","48","0","48"
"allocation","50000/rarest_posting/cold_scratch/report","1","0","0","0","0","11","98256","0","49152"
"allocation","50000/rarest_posting/cold_scratch/zzqxyw_no_such_file","1","0","0","0","0","0","0","0","0"
"allocation","50000/rarest_posting/warm_scratch/a","1","0","0","0","0","0","0","0","0"
"allocation","50000/rarest_posting/warm_scratch/needle_7fd9","1","0","0","0","0","0","0","0","0"
"allocation","50000/rarest_posting/warm_scratch/report","1","0","0","0","0","0","0","0","0"
"allocation","50000/rarest_posting/warm_scratch/zzqxyw_no_such_file","1","0","0","0","0","0","0","0","0"
"allocation","50000/scan/cold_scratch/a","1","0","0","0","0","15","1572816","0","786432"
"allocation","50000/scan/cold_scratch/needle_7fd9","1","0","0","0","0","1","48","0","48"
"allocation","50000/scan/cold_scratch/report","1","0","0","0","0","11","98256","0","49152"
"allocation","50000/scan/cold_scratch/zzqxyw_no_such_file","1","0","0","0","0","0","0","0","0"
"allocation","50000/scan/warm_scratch/a","1","0","0","0","0","0","0","0","0"
"allocation","50000/scan/warm_scratch/needle_7fd9","1","0","0","0","0","0","0","0","0"
"allocation","50000/scan/warm_scratch/report","1","0","0","0","0","0","0","0","0"
"allocation","50000/scan/warm_scratch/zzqxyw_no_such_file","1","0","0","0","0","0","0","0","0"
"allocation","50000/upstream_candidates/cold_scratch/a","1","0","0","0","0","15","1572816","0","786432"
"allocation","50000/upstream_candidates/cold_scratch/needle_7fd9","1","0","0","0","0","6","504","0","264"
"allocation","50000/upstream_candidates/cold_scratch/report","1","0","0","0","0","14","124128","0","62056"
"allocation","50000/upstream_candidates/cold_scratch/zzqxyw_no_such_file","1","0","0","0","0","3","196","0","132"
"allocation","50000/upstream_candidates/warm_scratch/a","1","0","0","0","0","0","0","0","0"
"allocation","50000/upstream_candidates/warm_scratch/needle_7fd9","1","0","0","0","0","5","456","0","264"
"allocation","50000/upstream_candidates/warm_scratch/report","1","0","0","0","0","3","25872","0","25872"
"allocation","50000/upstream_candidates/warm_scratch/zzqxyw_no_such_file","1","0","0","0","0","3","196","0","132"
"allocation","50000/upstream_complete/a","1","0","0","0","0","25","54252","0","52388"
"allocation","50000/upstream_complete/needle_7fd9","1","0","0","0","0","26","1499378","0","974638"
"allocation","50000/upstream_complete/report","1","0","0","0","0","30","168177","0","121774"
"allocation","50000/upstream_complete/zzqxyw_no_such_file","1","0","0","0","0","22","1499047","0","974595"
"build","150000/byte_masks","5","2130500","1794300","2281900","0","1","1200000","1200000","1200000"
"build","150000/compact_hash","5","45237300","45033500","47668800","0","37657","55673820","13502336","21590720"
"build","150000/flat_postings","5","80081200","79600600","82259500","0","28","40227648","13354576","40072336"
"build","150000/lexical_ordinals","5","19322400","18640300","20097200","0","2","1800000","600000","1800000"
"build","150000/upstream_search_index","5","44339300","44337300","45707600","0","33121","45932356","23049160","23049160"
"build","2000/byte_masks","5","16800","16300","16800","0","1","16000","16000","16000"
"build","2000/compact_hash","5","995600","963100","1205700","0","7515","1042760","278652","514768"
"build","2000/flat_postings","5","871200","843900","991800","0","26","662132","208212","581052"
"build","2000/lexical_ordinals","5","118300","118100","118900","0","2","24000","8000","24000"
"build","2000/upstream_search_index","5","814600","781900","985400","0","5220","850964","453592","453592"
"build","50000/byte_masks","5","648100","471800","675600","0","1","400000","400000","400000"
"build","50000/compact_hash","5","16284700","15784600","16597100","0","26706","16870728","4636492","6359936"
"build","50000/flat_postings","5","26243900","25496400","27479300","0","28","13577068","4488708","13421780"
"build","50000/lexical_ordinals","5","5688100","5298900","6278800","0","2","600000","200000","600000"
"build","50000/upstream_search_index","5","14671200","13796400","15348800","0","22140","13197204","6655752","6655752"
"latency","150000/compact_hash/broad/2026","101","207200","206000","323700","327400","0","0","0","0"
"latency","150000/compact_hash/broad/app","101","196200","187400","280100","257500","0","0","0","0"
"latency","150000/compact_hash/broad/document","101","445800","434800","689200","708600","0","0","0","0"
"latency","150000/compact_hash/medium/audio","101","99400","97300","100300","115200","0","0","0","0"
"latency","150000/compact_hash/medium/config","101","103200","101600","173900","194100","0","0","0","0"
"latency","150000/compact_hash/medium/report","101","222900","221600","340300","365200","0","0","0","0"
"latency","150000/compact_hash/miss/report_zzq","101","200","200","200","200","0","0","0","0"
"latency","150000/compact_hash/miss/zzqxyw_no_such_file","101","100","100","100","200","0","0","0","0"
"latency","150000/compact_hash/mixed_queries","1020","145400","127100","168200","2070800","0","0","0","0"
"latency","150000/compact_hash/phrase/visual studio","101","111500","111000","148700","121700","0","0","0","0"
"latency","150000/compact_hash/rare/migration_final","101","300","200","300","300","0","0","0","0"
"latency","150000/compact_hash/rare/needle_7fd9","101","200","100","200","300","0","0","0","0"
"latency","150000/compact_hash/repeated/aaaa","101","133800","132900","237400","258000","0","0","0","0"
"latency","150000/compact_hash/short/a","101","2070200","2006400","2076900","3235100","0","0","0","0"
"latency","150000/compact_hash/short/re","101","1354300","1320700","1826900","2135700","0","0","0","0"
"latency","150000/compact_hash/short/rs","101","1321900","1296400","1409900","2115100","0","0","0","0"
"latency","150000/compact_hash/unicode/café","101","103800","103500","159500","116700","0","0","0","0"
"latency","150000/compact_hash/unicode/東京","101","105500","104500","173600","165800","0","0","0","0"
"latency","150000/core_borrowed_indexed_false/a","101","1970800","1957900","2162100","2952000","0","0","0","0"
"latency","150000/core_borrowed_indexed_false/code visual","101","6118300","6022500","6729700","8001800","0","0","0","0"
"latency","150000/core_borrowed_indexed_false/report","101","3720600","3666700","3990900","5091700","0","0","0","0"
"latency","150000/core_borrowed_indexed_false/zzqxyw_no_such_file","101","8483900","8368500","8541100","10440500","0","0","0","0"
"latency","150000/core_borrowed_indexed_true/a","101","1973000","1966200","2135400","3098200","0","0","0","0"
"latency","150000/core_borrowed_indexed_true/code visual","101","215700","213300","216600","327500","0","0","0","0"
"latency","150000/core_borrowed_indexed_true/report","101","216600","213200","221800","381500","0","0","0","0"
"latency","150000/core_borrowed_indexed_true/zzqxyw_no_such_file","101","100","100","100","100","0","0","0","0"
"latency","150000/core_legacy/a","101","18037100","17552500","18122700","21225800","0","0","0","0"
"latency","150000/core_legacy/code visual","101","6840400","6788300","7061900","8914600","0","0","0","0"
"latency","150000/core_legacy/report","101","4870200","4838700","5296700","7070000","0","0","0","0"
"latency","150000/core_legacy/zzqxyw_no_such_file","101","8512700","8142100","8586800","10694700","0","0","0","0"
"latency","150000/flat_postings/broad/2026","101","203800","202600","204200","341200","0","0","0","0"
"latency","150000/flat_postings/broad/app","101","188100","188100","190400","242200","0","0","0","0"
"latency","150000/flat_postings/broad/document","101","435100","428900","440900","668500","0","0","0","0"
"latency","150000/flat_postings/medium/audio","101","100100","98400","101100","170900","0","0","0","0"
"latency","150000/flat_postings/medium/config","101","103500","103100","160800","212700","0","0","0","0"
"latency","150000/flat_postings/medium/report","101","222300","221200","223100","368600","0","0","0","0"
"latency","150000/flat_postings/miss/report_zzq","101","200","100","200","200","0","0","0","0"
"latency","150000/flat_postings/miss/zzqxyw_no_such_file","101","100","100","100","200","0","0","0","0"
"latency","150000/flat_postings/mixed_queries","1020","136800","130100","137000","2046000","0","0","0","0"
"latency","150000/flat_postings/phrase/visual studio","101","112300","111800","115700","123800","0","0","0","0"
"latency","150000/flat_postings/rare/migration_final","101","200","200","300","300","0","0","0","0"
"latency","150000/flat_postings/rare/needle_7fd9","101","200","200","200","300","0","0","0","0"
"latency","150000/flat_postings/repeated/aaaa","101","132900","132800","135100","200000","0","0","0","0"
"latency","150000/flat_postings/short/a","101","2040300","2011000","2041000","2796500","0","0","0","0"
"latency","150000/flat_postings/short/re","101","1346800","1299600","1351100","2001100","0","0","0","0"
"latency","150000/flat_postings/short/rs","101","1319400","1289600","1338900","2090000","0","0","0","0"
"latency","150000/flat_postings/unicode/café","101","105000","103500","107900","173800","0","0","0","0"
"latency","150000/flat_postings/unicode/東京","101","105600","105100","106700","169000","0","0","0","0"
"latency","150000/intersect_three/broad/2026","101","222300","216900","224900","380200","0","0","0","0"
"latency","150000/intersect_three/broad/app","101","191200","187500","193900","306800","0","0","0","0"
"latency","150000/intersect_three/broad/document","101","478000","477400","479100","618900","0","0","0","0"
"latency","150000/intersect_three/medium/audio","101","120300","118000","124200","210900","0","0","0","0"
"latency","150000/intersect_three/medium/config","101","112900","112100","114000","126400","0","0","0","0"
"latency","150000/intersect_three/medium/report","101","249900","247600","250200","318200","0","0","0","0"
"latency","150000/intersect_three/miss/report_zzq","101","100","100","200","200","0","0","0","0"
"latency","150000/intersect_three/miss/zzqxyw_no_such_file","101","100","100","100","200","0","0","0","0"
"latency","150000/intersect_three/mixed_queries","1020","138500","137400","138600","2046700","0","0","0","0"
"latency","150000/intersect_three/phrase/visual studio","101","123900","122800","124600","229500","0","0","0","0"
"latency","150000/intersect_three/rare/migration_final","101","300","300","300","400","0","0","0","0"
"latency","150000/intersect_three/rare/needle_7fd9","101","200","200","200","300","0","0","0","0"
"latency","150000/intersect_three/repeated/aaaa","101","133000","132100","133600","188400","0","0","0","0"
"latency","150000/intersect_three/short/a","101","2035100","2019600","2071500","2779500","0","0","0","0"
"latency","150000/intersect_three/short/re","101","1346200","1324900","1359100","2119800","0","0","0","0"
"latency","150000/intersect_three/short/rs","101","1335200","1297900","1367000","2040800","0","0","0","0"
"latency","150000/intersect_three/unicode/café","101","116000","115400","171100","173500","0","0","0","0"
"latency","150000/intersect_three/unicode/東京","101","116700","114800","116800","130900","0","0","0","0"
"latency","150000/mask_scan/broad/2026","101","1035900","1012500","1042900","1549900","0","0","0","0"
"latency","150000/mask_scan/broad/app","101","1436400","1411900","1464000","2134200","0","0","0","0"
"latency","150000/mask_scan/broad/document","101","841600","840700","862600","1266800","0","0","0","0"
"latency","150000/mask_scan/medium/audio","101","727300","716900","733500","1158900","0","0","0","0"
"latency","150000/mask_scan/medium/config","101","585400","581900","595800","857100","0","0","0","0"
"latency","150000/mask_scan/medium/report","101","1098500","1082100","1128500","1752400","0","0","0","0"
"latency","150000/mask_scan/miss/report_zzq","101","336200","336100","340400","489200","0","0","0","0"
"latency","150000/mask_scan/miss/zzqxyw_no_such_file","101","336700","333300","341300","566200","0","0","0","0"
"latency","150000/mask_scan/mixed_queries","1020","852100","767300","865300","2918400","0","0","0","0"
"latency","150000/mask_scan/phrase/visual studio","101","468400","466400","475300","629800","0","0","0","0"
"latency","150000/mask_scan/rare/migration_final","101","365500","360700","369600","540300","0","0","0","0"
"latency","150000/mask_scan/rare/needle_7fd9","101","393500","393100","399700","607900","0","0","0","0"
"latency","150000/mask_scan/repeated/aaaa","101","2956400","2912500","3182300","4247400","0","0","0","0"
"latency","150000/mask_scan/short/a","101","1926300","1915700","1966600","2913600","0","0","0","0"
"latency","150000/mask_scan/short/re","101","1415700","1375900","1462600","2175800","0","0","0","0"
"latency","150000/mask_scan/short/rs","101","1365000","1332000","1370200","2086100","0","0","0","0"
"latency","150000/mask_scan/unicode/café","101","478100","460800","479600","762600","0","0","0","0"
"latency","150000/mask_scan/unicode/東京","101","466600","460000","479300","775000","0","0","0","0"
"latency","150000/memmem_scan/broad/2026","101","1409300","1377600","2204600","2437600","0","0","0","0"
"latency","150000/memmem_scan/broad/app","101","1351600","1332100","2442500","2297700","0","0","0","0"
"latency","150000/memmem_scan/broad/document","101","1548500","1517400","1915900","2486700","0","0","0","0"
"latency","150000/memmem_scan/medium/audio","101","1370000","1344400","2136500","2167600","0","0","0","0"
"latency","150000/memmem_scan/medium/config","101","1461800","1445800","2385500","2154200","0","0","0","0"
"latency","150000/memmem_scan/medium/report","101","1417200","1395200","1992500","2406000","0","0","0","0"
"latency","150000/memmem_scan/miss/report_zzq","101","2021400","1975600","2023600","2867000","0","0","0","0"
"latency","150000/memmem_scan/miss/zzqxyw_no_such_file","101","1205100","1160000","1944600","1755000","0","0","0","0"
"latency","150000/memmem_scan/mixed_queries","1020","1472700","1446800","1534100","2493800","0","0","0","0"
"latency","150000/memmem_scan/phrase/visual studio","101","1318200","1310300","1344700","1868500","0","0","0","0"
"latency","150000/memmem_scan/rare/migration_final","101","1862300","1773600","2480700","2732900","0","0","0","0"
"latency","150000/memmem_scan/rare/needle_7fd9","101","2160400","2088700","2191900","2987000","0","0","0","0"
"latency","150000/memmem_scan/repeated/aaaa","101","1317100","1281900","1324100","2303900","0","0","0","0"
"latency","150000/memmem_scan/short/a","101","1856100","1810100","2617900","2801200","0","0","0","0"
"latency","150000/memmem_scan/short/re","101","1418600","1406800","2248500","2360000","0","0","0","0"
"latency","150000/memmem_scan/short/rs","101","1387200","1379200","1421600","2354100","0","0","0","0"
"latency","150000/memmem_scan/unicode/café","101","1415500","1369900","1557900","2361000","0","0","0","0"
"latency","150000/memmem_scan/unicode/東京","101","1456200","1414400","1458600","2468400","0","0","0","0"
"latency","150000/rarest_posting/broad/2026","101","208100","201500","310700","357800","0","0","0","0"
"latency","150000/rarest_posting/broad/app","101","190900","185400","198900","279100","0","0","0","0"
"latency","150000/rarest_posting/broad/document","101","439100","433700","667900","728300","0","0","0","0"
"latency","150000/rarest_posting/medium/audio","101","99800","98500","164800","126800","0","0","0","0"
"latency","150000/rarest_posting/medium/config","101","102500","100900","103500","137500","0","0","0","0"
"latency","150000/rarest_posting/medium/report","101","228300","221600","344500","371900","0","0","0","0"
"latency","150000/rarest_posting/miss/report_zzq","101","100","100","200","200","0","0","0","0"
"latency","150000/rarest_posting/miss/zzqxyw_no_such_file","101","100","100","100","200","0","0","0","0"
"latency","150000/rarest_posting/mixed_queries","1020","136600","124300","182100","2053700","0","0","0","0"
"latency","150000/rarest_posting/phrase/visual studio","101","114300","112100","186600","126800","0","0","0","0"
"latency","150000/rarest_posting/rare/migration_final","101","300","200","300","300","0","0","0","0"
"latency","150000/rarest_posting/rare/needle_7fd9","101","200","200","200","300","0","0","0","0"
"latency","150000/rarest_posting/repeated/aaaa","101","134200","132700","238600","246200","0","0","0","0"
"latency","150000/rarest_posting/short/a","101","2064000","2038800","2759300","2788900","0","0","0","0"
"latency","150000/rarest_posting/short/re","101","1359300","1342100","1457400","2236300","0","0","0","0"
"latency","150000/rarest_posting/short/rs","101","1350100","1319500","1479100","1956600","0","0","0","0"
"latency","150000/rarest_posting/unicode/café","101","105000","102900","161000","122200","0","0","0","0"
"latency","150000/rarest_posting/unicode/東京","101","106800","106000","171200","185200","0","0","0","0"
"latency","150000/scan/broad/2026","101","1450300","1430500","1453900","2224700","0","0","0","0"
"latency","150000/scan/broad/app","101","1401900","1376600","1403600","2129600","0","0","0","0"
"latency","150000/scan/broad/document","101","2951900","2853200","2977700","4285700","0","0","0","0"
"latency","150000/scan/medium/audio","101","1527600","1482800","1539200","2279700","0","0","0","0"
"latency","150000/scan/medium/config","101","1638700","1610900","1673600","2514400","0","0","0","0"
"latency","150000/scan/medium/report","101","1685500","1655500","1699300","2457200","0","0","0","0"
"latency","150000/scan/miss/report_zzq","101","3536000","3443200","3577000","4992300","0","0","0","0"
"latency","150000/scan/miss/zzqxyw_no_such_file","101","3039200","2988000","3142400","4459500","0","0","0","0"
"latency","150000/scan/mixed_queries","1020","2098900","2008900","2582400","4520900","0","0","0","0"
"latency","150000/scan/phrase/visual studio","101","4185200","4105700","4292600","5723200","0","0","0","0"
"latency","150000/scan/rare/migration_final","101","4047300","3942900","5720300","5804100","0","0","0","0"
"latency","150000/scan/rare/needle_7fd9","101","3965300","3949600","4027700","5508700","0","0","0","0"
"latency","150000/scan/repeated/aaaa","101","3307900","3295400","3383500","4901100","0","0","0","0"
"latency","150000/scan/short/a","101","2047400","2018300","2698700","2934400","0","0","0","0"
"latency","150000/scan/short/re","101","1350900","1340300","1377600","2094200","0","0","0","0"
"latency","150000/scan/short/rs","101","1325600","1300800","2146400","2160400","0","0","0","0"
"latency","150000/scan/unicode/café","101","1531000","1480700","1532300","2246100","0","0","0","0"
"latency","150000/scan/unicode/東京","101","1528100","1500900","1559900","2493200","0","0","0","0"
"latency","150000/selector_fixed/a","101","2095700","2059700","2095800","2983500","0","0","0","0"
"latency","150000/selector_fixed/document","101","447200","438700","453000","731900","0","0","0","0"
"latency","150000/selector_fixed/needle_7fd9","101","200","200","200","300","0","0","0","0"
"latency","150000/selector_heap/a","101","1577500","1565500","1596200","2509900","0","0","0","0"
"latency","150000/selector_heap/document","101","364200","363700","376600","573200","0","0","0","0"
"latency","150000/selector_heap/needle_7fd9","101","200","200","200","300","0","0","0","0"
"latency","150000/selector_partial/a","101","2047400","2034400","2050500","3072900","0","0","0","0"
"latency","150000/selector_partial/document","101","442400","435600","447900","671800","0","0","0","0"
"latency","150000/selector_partial/needle_7fd9","101","200","200","200","300","0","0","0","0"
"latency","150000/typing/full_scan_all_matches","101","16983800","16860200","17156000","19274200","0","0","0","0"
"latency","150000/typing/incremental_all_matches","101","8163100","8088300","8197400","10340500","0","0","0","0"
"latency","150000/upstream_candidates/broad/2026","101","229800","225400","349600","358400","0","0","0","0"
"latency","150000/upstream_candidates/broad/app","101","191700","190200","290300","303500","0","0","0","0"
"latency","150000/upstream_candidates/broad/document","101","474600","465000","475200","732100","0","0","0","0"
"latency","150000/upstream_candidates/medium/audio","101","121900","120800","191300","207300","0","0","0","0"
"latency","150000/upstream_candidates/medium/config","101","111100","110300","112600","210200","0","0","0","0"
"latency","150000/upstream_candidates/medium/report","101","254000","251800","386600","413400","0","0","0","0"
"latency","150000/upstream_candidates/miss/report_zzq","101","187900","187900","188000","219800","0","0","0","0"
"latency","150000/upstream_candidates/miss/zzqxyw_no_such_file","101","400","400","600","700","0","0","0","0"
"latency","150000/upstream_candidates/mixed_queries","1020","180800","147600","189700","3501400","0","0","0","0"
"latency","150000/upstream_candidates/phrase/visual studio","101","126300","122000","202500","224900","0","0","0","0"
"latency","150000/upstream_candidates/rare/migration_final","101","400","400","700","400","0","0","0","0"
"latency","150000/upstream_candidates/rare/needle_7fd9","101","400","300","600","600","0","0","0","0"
"latency","150000/upstream_candidates/repeated/aaaa","101","149800","136800","251500","271900","0","0","0","0"
"latency","150000/upstream_candidates/short/a","101","3586800","3545800","3637400","4934900","0","0","0","0"
"latency","150000/upstream_candidates/short/re","101","2082100","2041600","2082300","3067600","0","0","0","0"
"latency","150000/upstream_candidates/short/rs","101","2166000","2159100","2181200","3078000","0","0","0","0"
"latency","150000/upstream_candidates/unicode/café","101","115300","113900","136300","190400","0","0","0","0"
"latency","150000/upstream_candidates/unicode/東京","101","114000","113500","187200","200400","0","0","0","0"
"latency","150000/upstream_complete/broad/2026","51","57600","56700","58900","63900","0","0","0","0"
"latency","150000/upstream_complete/broad/app","51","40200","40100","40500","44000","0","0","0","0"
"latency","150000/upstream_complete/broad/document","51","106100","102700","108700","116900","0","0","0","0"
"latency","150000/upstream_complete/medium/audio","51","39700","39200","56500","44900","0","0","0","0"
"latency","150000/upstream_complete/medium/config","51","26800","26300","27100","29200","0","0","0","0"
"latency","150000/upstream_complete/medium/report","51","61900","61400","62000","69300","0","0","0","0"
"latency","150000/upstream_complete/miss/report_zzq","51","4462200","4364100","4487100","6145300","0","0","0","0"
"latency","150000/upstream_complete/miss/zzqxyw_no_such_file","51","3785100","3730400","3847600","5266900","0","0","0","0"
"latency","150000/upstream_complete/phrase/visual studio","51","26400","26300","27000","31900","0","0","0","0"
"latency","150000/upstream_complete/rare/migration_final","51","4818800","4763300","4872000","6888100","0","0","0","0"
"latency","150000/upstream_complete/rare/needle_7fd9","51","4790400","4597400","6508200","6382000","0","0","0","0"
"latency","150000/upstream_complete/repeated/aaaa","51","24000","23700","24100","25400","0","0","0","0"
"latency","150000/upstream_complete/short/a","51","3800","3700","4600","4000","0","0","0","0"
"latency","150000/upstream_complete/short/re","51","4300","4200","4400","4600","0","0","0","0"
"latency","150000/upstream_complete/short/rs","51","4200","4100","4400","4400","0","0","0","0"
"latency","150000/upstream_complete/unicode/café","51","27900","27500","28400","44300","0","0","0","0"
"latency","150000/upstream_complete/unicode/東京","51","26700","26600","27900","35700","0","0","0","0"
"latency","2000/compact_hash/broad/2026","101","2100","2100","3400","2200","0","0","0","0"
"latency","2000/compact_hash/broad/app","101","1700","1700","1700","1800","0","0","0","0"
"latency","2000/compact_hash/broad/document","101","4000","4000","4100","4100","0","0","0","0"
"latency","2000/compact_hash/medium/audio","101","900","900","1000","1000","0","0","0","0"
"latency","2000/compact_hash/medium/config","101","1000","1000","1700","1000","0","0","0","0"
"latency","2000/compact_hash/medium/report","101","1800","1800","2900","1900","0","0","0","0"
"latency","2000/compact_hash/miss/report_zzq","101","100","100","200","200","0","0","0","0"
"latency","2000/compact_hash/miss/zzqxyw_no_such_file","101","100","100","100","100","0","0","0","0"
"latency","2000/compact_hash/mixed_queries","1020","1600","1300","2000","23900","0","0","0","0"
"latency","2000/compact_hash/phrase/visual studio","101","1900","1100","2000","2000","0","0","0","0"
"latency","2000/compact_hash/rare/migration_final","101","200","200","300","200","0","0","0","0"
"latency","2000/compact_hash/rare/needle_7fd9","101","100","100","200","200","0","0","0","0"
"latency","2000/compact_hash/repeated/aaaa","101","1500","1500","2800","2400","0","0","0","0"
"latency","2000/compact_hash/short/a","101","35500","21300","35900","37500","0","0","0","0"
"latency","2000/compact_hash/short/re","101","16100","16000","23500","17800","0","0","0","0"
"latency","2000/compact_hash/short/rs","101","15900","15800","15900","17300","0","0","0","0"
"latency","2000/compact_hash/unicode/café","101","1000","1000","1700","1800","0","0","0","0"
"latency","2000/compact_hash/unicode/東京","101","1100","1100","1900","1100","0","0","0","0"
"latency","2000/core_borrowed_indexed_false/a","101","29500","22000","36800","51700","0","0","0","0"
"latency","2000/core_borrowed_indexed_false/code visual","101","75900","73600","76600","135000","0","0","0","0"
"latency","2000/core_borrowed_indexed_false/report","101","42900","42700","46300","54900","0","0","0","0"
"latency","2000/core_borrowed_indexed_false/zzqxyw_no_such_file","101","106800","104700","134800","183100","0","0","0","0"
"latency","2000/core_borrowed_indexed_true/a","101","22800","22000","40100","24500","0","0","0","0"
"latency","2000/core_borrowed_indexed_true/code visual","101","2200","2100","2200","2200","0","0","0","0"
"latency","2000/core_borrowed_indexed_true/report","101","1600","1600","1700","1700","0","0","0","0"
"latency","2000/core_borrowed_indexed_true/zzqxyw_no_such_file","101","100","0","100","100","0","0","0","0"
"latency","2000/core_legacy/a","101","226100","199800","360400","405700","0","0","0","0"
"latency","2000/core_legacy/code visual","101","84100","83900","85000","151000","0","0","0","0"
"latency","2000/core_legacy/report","101","60400","59200","61200","98500","0","0","0","0"
"latency","2000/core_legacy/zzqxyw_no_such_file","101","106500","105800","106600","170000","0","0","0","0"
"latency","2000/flat_postings/broad/2026","101","2100","2100","2200","2200","0","0","0","0"
"latency","2000/flat_postings/broad/app","101","1700","1700","2900","1800","0","0","0","0"
"latency","2000/flat_postings/broad/document","101","4100","4000","4100","4200","0","0","0","0"
"latency","2000/flat_postings/medium/audio","101","1000","1000","1000","1000","0","0","0","0"
"latency","2000/flat_postings/medium/config","101","1000","1000","2000","1100","0","0","0","0"
"latency","2000/flat_postings/medium/report","101","1900","1800","3200","2100","0","0","0","0"
"latency","2000/flat_postings/miss/report_zzq","101","100","100","200","200","0","0","0","0"
"latency","2000/flat_postings/miss/zzqxyw_no_such_file","101","100","100","100","100","0","0","0","0"
"latency","2000/flat_postings/mixed_queries","1020","1400","1300","1400","23400","0","0","0","0"
"latency","2000/flat_postings/phrase/visual studio","101","1100","1100","1900","1200","0","0","0","0"
"latency","2000/flat_postings/rare/migration_final","101","300","200","300","300","0","0","0","0"
"latency","2000/flat_postings/rare/needle_7fd9","101","200","200","200","300","0","0","0","0"
"latency","2000/flat_postings/repeated/aaaa","101","1500","1500","2800","1600","0","0","0","0"
"latency","2000/flat_postings/short/a","101","21700","21100","22000","28300","0","0","0","0"
"latency","2000/flat_postings/short/re","101","15900","15800","16300","19300","0","0","0","0"
"latency","2000/flat_postings/short/rs","101","16100","16000","17300","21300","0","0","0","0"
"latency","2000/flat_postings/unicode/café","101","1100","1000","1900","1800","0","0","0","0"
"latency","2000/flat_postings/unicode/東京","101","1100","1100","1900","1200","0","0","0","0"
"latency","2000/intersect_three/broad/2026","101","2100","2100","2200","2200","0","0","0","0"
"latency","2000/intersect_three/broad/app","101","1700","1700","2900","1800","0","0","0","0"
"latency","2000/intersect_three/broad/document","101","4500","4500","4600","4900","0","0","0","0"
"latency","2000/intersect_three/medium/audio","101","1200","1100","1200","1200","0","0","0","0"
"latency","2000/intersect_three/medium/config","101","1100","1100","1100","1200","0","0","0","0"
"latency","2000/intersect_three/medium/report","101","2100","2100","2200","2100","0","0","0","0"
"latency","2000/intersect_three/miss/report_zzq","101","100","100","100","200","0","0","0","0"
"latency","2000/intersect_three/miss/zzqxyw_no_such_file","101","100","100","100","100","0","0","0","0"
"latency","2000/intersect_three/mixed_queries","1020","1500","1500","1500","23300","0","0","0","0"
"latency","2000/intersect_three/phrase/visual studio","101","1200","1200","1200","1300","0","0","0","0"
"latency","2000/intersect_three/rare/migration_final","101","200","200","200","300","0","0","0","0"
"latency","2000/intersect_three/rare/needle_7fd9","101","200","200","200","200","0","0","0","0"
"latency","2000/intersect_three/repeated/aaaa","101","1500","1500","1500","1600","0","0","0","0"
"latency","2000/intersect_three/short/a","101","21200","20800","21600","27700","0","0","0","0"
"latency","2000/intersect_three/short/re","101","16100","15900","16300","18300","0","0","0","0"
"latency","2000/intersect_three/short/rs","101","15900","15600","25000","17200","0","0","0","0"
"latency","2000/intersect_three/unicode/café","101","1200","1100","1200","1200","0","0","0","0"
"latency","2000/intersect_three/unicode/東京","101","1200","1200","1200","1300","0","0","0","0"
"latency","2000/mask_scan/broad/2026","101","9600","9500","16000","17800","0","0","0","0"
"latency","2000/mask_scan/broad/app","101","14700","14000","15800","17300","0","0","0","0"
"latency","2000/mask_scan/broad/document","101","11900","8100","13100","24500","0","0","0","0"
"latency","2000/mask_scan/medium/audio","101","6700","6700","11700","7000","0","0","0","0"
"latency","2000/mask_scan/medium/config","101","5600","5600","5600","5700","0","0","0","0"
"latency","2000/mask_scan/medium/report","101","10100","10000","18000","18400","0","0","0","0"
"latency","2000/mask_scan/miss/report_zzq","101","4500","4500","4500","4500","0","0","0","0"
"latency","2000/mask_scan/miss/zzqxyw_no_such_file","101","4500","4500","4500","5700","0","0","0","0"
"latency","2000/mask_scan/mixed_queries","1020","8800","8800","9600","36800","0","0","0","0"
"latency","2000/mask_scan/phrase/visual studio","101","5400","5400","5400","5500","0","0","0","0"
"latency","2000/mask_scan/rare/migration_final","101","4600","4600","4700","4700","0","0","0","0"
"latency","2000/mask_scan/rare/needle_7fd9","101","4900","4900","4900","5000","0","0","0","0"
"latency","2000/mask_scan/repeated/aaaa","101","34600","34500","35300","51200","0","0","0","0"
"latency","2000/mask_scan/short/a","101","19800","19500","21200","27400","0","0","0","0"
"latency","2000/mask_scan/short/re","101","15000","14100","24500","22100","0","0","0","0"
"latency","2000/mask_scan/short/rs","101","11500","11400","11500","12500","0","0","0","0"
"latency","2000/mask_scan/unicode/café","101","5400","5400","5500","8400","0","0","0","0"
"latency","2000/mask_scan/unicode/東京","101","5400","5400","5400","5400","0","0","0","0"
"latency","2000/memmem_scan/broad/2026","101","26900","16200","29200","30900","0","0","0","0"
"latency","2000/memmem_scan/broad/app","101","15400","15300","29600","30000","0","0","0","0"
"latency","2000/memmem_scan/broad/document","101","17100","17000","30800","23800","0","0","0","0"
"latency","2000/memmem_scan/medium/audio","101","15600","15600","28500","18700","0","0","0","0"
"latency","2000/memmem_scan/medium/config","101","17000","16200","28800","30700","0","0","0","0"
"latency","2000/memmem_scan/medium/report","101","16300","15900","28900","29700","0","0","0","0"
"latency","2000/memmem_scan/miss/report_zzq","101","20800","20600","24300","26400","0","0","0","0"
"latency","2000/memmem_scan/miss/zzqxyw_no_such_file","101","14200","14100","22500","14300","0","0","0","0"
"latency","2000/memmem_scan/mixed_queries","1020","19900","19500","20900","40200","0","0","0","0"
"latency","2000/memmem_scan/phrase/visual studio","101","15500","15100","28800","30300","0","0","0","0"
"latency","2000/memmem_scan/rare/migration_final","101","21100","20600","28200","33400","0","0","0","0"
"latency","2000/memmem_scan/rare/needle_7fd9","101","24800","23000","24900","26700","0","0","0","0"
"latency","2000/memmem_scan/repeated/aaaa","101","15300","15200","15400","16300","0","0","0","0"
"latency","2000/memmem_scan/short/a","101","20500","19200","29300","33600","0","0","0","0"
"latency","2000/memmem_scan/short/re","101","16500","16000","29400","18100","0","0","0","0"
"latency","2000/memmem_scan/short/rs","101","16500","16300","29600","28000","0","0","0","0"
"latency","2000/memmem_scan/unicode/café","101","16400","16200","16400","16900","0","0","0","0"
"latency","2000/memmem_scan/unicode/東京","101","16400","16300","20200","21000","0","0","0","0"
"latency","2000/rarest_posting/broad/2026","101","2100","2100","2100","2200","0","0","0","0"
"latency","2000/rarest_posting/broad/app","101","1700","1700","1700","1700","0","0","0","0"
"latency","2000/rarest_posting/broad/document","101","4000","4000","4000","4200","0","0","0","0"
"latency","2000/rarest_posting/medium/audio","101","900","900","900","1000","0","0","0","0"
"latency","2000/rarest_posting/medium/config","101","1000","1000","1000","1000","0","0","0","0"
"latency","2000/rarest_posting/medium/report","101","1800","1800","1800","1900","0","0","0","0"
"latency","2000/rarest_posting/miss/report_zzq","101","100","100","100","200","0","0","0","0"
"latency","2000/rarest_posting/miss/zzqxyw_no_such_file","101","100","100","100","100","0","0","0","0"
"latency","2000/rarest_posting/mixed_queries","1020","1500","1300","1600","23600","0","0","0","0"
"latency","2000/rarest_posting/phrase/visual studio","101","1100","1100","1100","1100","0","0","0","0"
"latency","2000/rarest_posting/rare/migration_final","101","200","200","200","200","0","0","0","0"
"latency","2000/rarest_posting/rare/needle_7fd9","101","200","200","200","200","0","0","0","0"
"latency","2000/rarest_posting/repeated/aaaa","101","1500","1500","1500","1500","0","0","0","0"
"latency","2000/rarest_posting/short/a","101","20900","20800","21300","27200","0","0","0","0"
"latency","2000/rarest_posting/short/re","101","16200","15800","16300","18800","0","0","0","0"
"latency","2000/rarest_posting/short/rs","101","15900","15800","16000","16700","0","0","0","0"
"latency","2000/rarest_posting/unicode/café","101","1000","1000","1000","1100","0","0","0","0"
"latency","2000/rarest_posting/unicode/東京","101","1100","1100","1100","1100","0","0","0","0"
"latency","2000/scan/broad/2026","101","16400","16300","17000","17500","0","0","0","0"
"latency","2000/scan/broad/app","101","16400","16000","16500","30200","0","0","0","0"
"latency","2000/scan/broad/document","101","36500","32600","36600","39800","0","0","0","0"
"latency","2000/scan/medium/audio","101","17300","16900","17600","18800","0","0","0","0"
"latency","2000/scan/medium/config","101","18100","17600","18700","23900","0","0","0","0"
"latency","2000/scan/medium/report","101","17900","17900","19100","20800","0","0","0","0"
"latency","2000/scan/miss/report_zzq","101","43500","43300","44100","58300","0","0","0","0"
"latency","2000/scan/miss/zzqxyw_no_such_file","101","36300","36200","39100","41400","0","0","0","0"
"latency","2000/scan/mixed_queries","1020","25500","24800","31000","59900","0","0","0","0"
"latency","2000/scan/phrase/visual studio","101","53100","53000","54000","87000","0","0","0","0"
"latency","2000/scan/rare/migration_final","101","50500","50100","50800","51400","0","0","0","0"
"latency","2000/scan/rare/needle_7fd9","101","52100","51400","52300","80800","0","0","0","0"
"latency","2000/scan/repeated/aaaa","101","40200","40100","40800","44700","0","0","0","0"
"latency","2000/scan/short/a","101","22900","22000","23300","25300","0","0","0","0"
"latency","2000/scan/short/re","101","16200","16100","16200","17800","0","0","0","0"
"latency","2000/scan/short/rs","101","16100","16000","27300","16600","0","0","0","0"
"latency","2000/scan/unicode/café","101","17900","17800","31400","19400","0","0","0","0"
"latency","2000/scan/unicode/東京","101","20700","18500","31900","37200","0","0","0","0"
"latency","2000/selector_fixed/a","101","24700","23600","39200","42400","0","0","0","0"
"latency","2000/selector_fixed/document","101","4100","4100","7700","4200","0","0","0","0"
"latency","2000/selector_fixed/needle_7fd9","101","200","200","200","300","0","0","0","0"
"latency","2000/selector_heap/a","101","25400","18600","31200","36900","0","0","0","0"
"latency","2000/selector_heap/document","101","3300","3200","5700","3500","0","0","0","0"
"latency","2000/selector_heap/needle_7fd9","101","200","200","200","200","0","0","0","0"
"latency","2000/selector_partial/a","101","35800","22800","35900","53200","0","0","0","0"
"latency","2000/selector_partial/document","101","6500","4100","6900","7000","0","0","0","0"
"latency","2000/selector_partial/needle_7fd9","101","200","200","200","300","0","0","0","0"
"latency","2000/typing/full_scan_all_matches","101","206600","206000","285700","346400","0","0","0","0"
"latency","2000/typing/incremental_all_matches","101","95900","95300","97800","105800","0","0","0","0"
"latency","2000/upstream_candidates/broad/2026","101","2400","2300","2400","2400","0","0","0","0"
"latency","2000/upstream_candidates/broad/app","101","1800","1800","3100","1800","0","0","0","0"
"latency","2000/upstream_candidates/broad/document","101","5000","5000","5200","5400","0","0","0","0"
"latency","2000/upstream_candidates/medium/audio","101","1300","1300","2200","1300","0","0","0","0"
"latency","2000/upstream_candidates/medium/config","101","1200","1200","2400","1300","0","0","0","0"
"latency","2000/upstream_candidates/medium/report","101","2400","2300","4300","4500","0","0","0","0"
"latency","2000/upstream_candidates/miss/report_zzq","101","1900","1900","1900","2000","0","0","0","0"
"latency","2000/upstream_candidates/miss/zzqxyw_no_such_file","101","300","300","300","400","0","0","0","0"
"latency","2000/upstream_candidates/mixed_queries","1020","1700","1700","1900","28800","0","0","0","0"
"latency","2000/upstream_candidates/phrase/visual studio","101","1400","1400","1400","1500","0","0","0","0"
"latency","2000/upstream_candidates/rare/migration_final","101","400","400","500","400","0","0","0","0"
"latency","2000/upstream_candidates/rare/needle_7fd9","101","300","300","600","400","0","0","0","0"
"latency","2000/upstream_candidates/repeated/aaaa","101","1600","1600","1600","1700","0","0","0","0"
"latency","2000/upstream_candidates/short/a","101","26100","25900","28000","36700","0","0","0","0"
"latency","2000/upstream_candidates/short/re","101","16100","16100","27600","18200","0","0","0","0"
"latency","2000/upstream_candidates/short/rs","101","17200","17100","17400","19000","0","0","0","0"
"latency","2000/upstream_candidates/unicode/café","101","1200","1200","1200","1300","0","0","0","0"
"latency","2000/upstream_candidates/unicode/東京","101","1300","1300","1300","1300","0","0","0","0"
"latency","2000/upstream_complete/broad/2026","51","1700","1700","1800","1900","0","0","0","0"
"latency","2000/upstream_complete/broad/app","51","1300","1300","1400","1400","0","0","0","0"
"latency","2000/upstream_complete/broad/document","51","2500","2500","2500","2800","0","0","0","0"
"latency","2000/upstream_complete/medium/audio","51","1400","1400","1500","1500","0","0","0","0"
"latency","2000/upstream_complete/medium/config","51","1400","1300","1400","1400","0","0","0","0"
"latency","2000/upstream_complete/medium/report","51","1800","1800","1900","1900","0","0","0","0"
"latency","2000/upstream_complete/miss/report_zzq","51","42200","41700","43000","83200","0","0","0","0"
"latency","2000/upstream_complete/miss/zzqxyw_no_such_file","51","34300","34000","34500","43800","0","0","0","0"
"latency","2000/upstream_complete/phrase/visual studio","51","1600","1600","2700","1600","0","0","0","0"
"latency","2000/upstream_complete/rare/migration_final","51","47200","47000","47600","56700","0","0","0","0"
"latency","2000/upstream_complete/rare/needle_7fd9","51","48300","48000","48300","52500","0","0","0","0"
"latency","2000/upstream_complete/repeated/aaaa","51","1400","1400","1400","1500","0","0","0","0"
"latency","2000/upstream_complete/short/a","51","1500","1400","1500","1600","0","0","0","0"
"latency","2000/upstream_complete/short/re","51","3000","2900","5100","3100","0","0","0","0"
"latency","2000/upstream_complete/short/rs","51","3300","3200","3400","3400","0","0","0","0"
"latency","2000/upstream_complete/unicode/café","51","1300","1300","1300","1400","0","0","0","0"
"latency","2000/upstream_complete/unicode/東京","51","1300","1200","1400","1400","0","0","0","0"
"latency","50000/compact_hash/broad/2026","101","56600","56400","57400","80700","0","0","0","0"
"latency","50000/compact_hash/broad/app","101","50800","50300","51500","62300","0","0","0","0"
"latency","50000/compact_hash/broad/document","101","137100","136500","159000","229500","0","0","0","0"
"latency","50000/compact_hash/medium/audio","101","23500","23500","23800","28900","0","0","0","0"
"latency","50000/compact_hash/medium/config","101","23800","23700","24100","29100","0","0","0","0"
"latency","50000/compact_hash/medium/report","101","61500","60800","104800","121400","0","0","0","0"
"latency","50000/compact_hash/miss/report_zzq","101","100","100","200","200","0","0","0","0"
"latency","50000/compact_hash/miss/zzqxyw_no_such_file","101","100","100","100","200","0","0","0","0"
"latency","50000/compact_hash/mixed_queries","1020","44600","44600","45200","706600","0","0","0","0"
"latency","50000/compact_hash/phrase/visual studio","101","27100","26900","27400","49000","0","0","0","0"
"latency","50000/compact_hash/rare/migration_final","101","300","200","300","300","0","0","0","0"
"latency","50000/compact_hash/rare/needle_7fd9","101","200","100","200","300","0","0","0","0"
"latency","50000/compact_hash/repeated/aaaa","101","39200","39100","39300","55400","0","0","0","0"
"latency","50000/compact_hash/short/a","101","691700","681200","711600","1080600","0","0","0","0"
"latency","50000/compact_hash/short/re","101","448800","443400","462100","727300","0","0","0","0"
"latency","50000/compact_hash/short/rs","101","441500","435600","456400","664700","0","0","0","0"
"latency","50000/compact_hash/unicode/café","101","25300","25100","39700","30100","0","0","0","0"
"latency","50000/compact_hash/unicode/東京","101","26100","26000","42200","73200","0","0","0","0"
"latency","50000/core_borrowed_indexed_false/a","101","656900","655200","683200","1031800","0","0","0","0"
"latency","50000/core_borrowed_indexed_false/code visual","101","1949500","1936100","2179000","3001400","0","0","0","0"
"latency","50000/core_borrowed_indexed_false/report","101","1224300","1224200","1257700","2014300","0","0","0","0"
"latency","50000/core_borrowed_indexed_false/zzqxyw_no_such_file","101","2725000","2715000","2941200","4033000","0","0","0","0"
"latency","50000/core_borrowed_indexed_true/a","101","668900","641400","687800","1082600","0","0","0","0"
"latency","50000/core_borrowed_indexed_true/code visual","101","53200","53100","53800","75400","0","0","0","0"
"latency","50000/core_borrowed_indexed_true/report","101","57300","54300","57800","70700","0","0","0","0"
"latency","50000/core_borrowed_indexed_true/zzqxyw_no_such_file","101","100","0","100","100","0","0","0","0"
"latency","50000/core_legacy/a","101","6134500","5667500","6302900","7875200","0","0","0","0"
"latency","50000/core_legacy/code visual","101","2200100","2174200","2377400","3098400","0","0","0","0"
"latency","50000/core_legacy/report","101","1704900","1692700","1852200","2695800","0","0","0","0"
"latency","50000/core_legacy/zzqxyw_no_such_file","101","2729000","2722900","2955600","4008800","0","0","0","0"
"latency","50000/flat_postings/broad/2026","101","57600","56500","61300","91200","0","0","0","0"
"latency","50000/flat_postings/broad/app","101","51800","50300","80900","83600","0","0","0","0"
"latency","50000/flat_postings/broad/document","101","138700","137100","142300","151000","0","0","0","0"
"latency","50000/flat_postings/medium/audio","101","23800","23400","23900","24000","0","0","0","0"
"latency","50000/flat_postings/medium/config","101","23900","23700","24100","49700","0","0","0","0"
"latency","50000/flat_postings/medium/report","101","60300","59600","70200","106000","0","0","0","0"
"latency","50000/flat_postings/miss/report_zzq","101","100","100","200","200","0","0","0","0"
"latency","50000/flat_postings/miss/zzqxyw_no_such_file","101","100","100","100","100","0","0","0","0"
"latency","50000/flat_postings/mixed_queries","1020","44900","44700","45700","706600","0","0","0","0"
"latency","50000/flat_postings/phrase/visual studio","101","25500","25400","27100","32200","0","0","0","0"
"latency","50000/flat_postings/rare/migration_final","101","200","200","300","300","0","0","0","0"
"latency","50000/flat_postings/rare/needle_7fd9","101","200","200","200","200","0","0","0","0"
"latency","50000/flat_postings/repeated/aaaa","101","39300","39200","56000","61700","0","0","0","0"
"latency","50000/flat_postings/short/a","101","672700","669700","746800","1152000","0","0","0","0"
"latency","50000/flat_postings/short/re","101","452000","451600","453500","755200","0","0","0","0"
"latency","50000/flat_postings/short/rs","101","437100","436600","440500","640600","0","0","0","0"
"latency","50000/flat_postings/unicode/café","101","24100","23900","25500","47400","0","0","0","0"
"latency","50000/flat_postings/unicode/東京","101","25800","25700","26200","30400","0","0","0","0"
"latency","50000/intersect_three/broad/2026","101","60200","59400","61800","71300","0","0","0","0"
"latency","50000/intersect_three/broad/app","101","51700","50800","52400","59000","0","0","0","0"
"latency","50000/intersect_three/broad/document","101","161300","151000","162300","262800","0","0","0","0"
"latency","50000/intersect_three/medium/audio","101","28400","28400","28700","51300","0","0","0","0"
"latency","50000/intersect_three/medium/config","101","27300","27100","27400","28300","0","0","0","0"
"latency","50000/intersect_three/medium/report","101","71700","70700","72100","99200","0","0","0","0"
"latency","50000/intersect_three/miss/report_zzq","101","100","100","100","200","0","0","0","0"
"latency","50000/intersect_three/miss/zzqxyw_no_such_file","101","100","100","100","200","0","0","0","0"
"latency","50000/intersect_three/mixed_queries","1020","45100","44200","47000","716000","0","0","0","0"
"latency","50000/intersect_three/phrase/visual studio","101","31700","30000","31700","59700","0","0","0","0"
"latency","50000/intersect_three/rare/migration_final","101","200","200","300","300","0","0","0","0"
"latency","50000/intersect_three/rare/needle_7fd9","101","200","200","200","200","0","0","0","0"
"latency","50000/intersect_three/repeated/aaaa","101","39200","39200","39400","70900","0","0","0","0"
"latency","50000/intersect_three/short/a","101","691100","679800","718900","1065300","0","0","0","0"
"latency","50000/intersect_three/short/re","101","443300","441500","448700","688700","0","0","0","0"
"latency","50000/intersect_three/short/rs","101","438300","438100","451700","730700","0","0","0","0"
"latency","50000/intersect_three/unicode/café","101","28700","28700","30000","32500","0","0","0","0"
"latency","50000/intersect_three/unicode/東京","101","29600","29000","29700","64000","0","0","0","0"
"latency","50000/mask_scan/broad/2026","101","341600","333400","349800","539800","0","0","0","0"
"latency","50000/mask_scan/broad/app","101","476900","476200","489400","631000","0","0","0","0"
"latency","50000/mask_scan/broad/document","101","271500","271300","274900","411800","0","0","0","0"
"latency","50000/mask_scan/medium/audio","101","236000","235500","239700","362100","0","0","0","0"
"latency","50000/mask_scan/medium/config","101","187800","185100","189800","324400","0","0","0","0"
"latency","50000/mask_scan/medium/report","101","367700","350700","372400","569700","0","0","0","0"
"latency","50000/mask_scan/miss/report_zzq","101","110900","110400","111800","122800","0","0","0","0"
"latency","50000/mask_scan/miss/zzqxyw_no_such_file","101","111400","109900","117100","195200","0","0","0","0"
"latency","50000/mask_scan/mixed_queries","1020","271100","268700","278900","977300","0","0","0","0"
"latency","50000/mask_scan/phrase/visual studio","101","146600","145200","149300","222800","0","0","0","0"
"latency","50000/mask_scan/rare/migration_final","101","116300","115600","116800","161800","0","0","0","0"
"latency","50000/mask_scan/rare/needle_7fd9","101","128200","128000","129900","209000","0","0","0","0"
"latency","50000/mask_scan/repeated/aaaa","101","996400","976200","1014800","1561000","0","0","0","0"
"latency","50000/mask_scan/short/a","101","644700","638100","695100","1041100","0","0","0","0"
"latency","50000/mask_scan/short/re","101","459000","456600","481100","668700","0","0","0","0"
"latency","50000/mask_scan/short/rs","101","436900","427800","467800","697900","0","0","0","0"
"latency","50000/mask_scan/unicode/café","101","145300","143500","146500","245700","0","0","0","0"
"latency","50000/mask_scan/unicode/東京","101","145200","144800","148200","230700","0","0","0","0"
"latency","50000/memmem_scan/broad/2026","101","478500","465300","535700","817900","0","0","0","0"
"latency","50000/memmem_scan/broad/app","101","464200","453900","493200","829600","0","0","0","0"
"latency","50000/memmem_scan/broad/document","101","516100","510200","533300","866300","0","0","0","0"
"latency","50000/memmem_scan/medium/audio","101","476300","463400","485100","832100","0","0","0","0"
"latency","50000/memmem_scan/medium/config","101","485500","481400","501700","678900","0","0","0","0"
"latency","50000/memmem_scan/medium/report","101","489500","478900","491900","804700","0","0","0","0"
"latency","50000/memmem_scan/miss/report_zzq","101","671800","668400","690700","1036800","0","0","0","0"
"latency","50000/memmem_scan/miss/zzqxyw_no_such_file","101","394200","390000","412300","711800","0","0","0","0"
"latency","50000/memmem_scan/mixed_queries","1020","493500","493200","512400","840600","0","0","0","0"
"latency","50000/memmem_scan/phrase/visual studio","101","447600","441800","448600","706500","0","0","0","0"
"latency","50000/memmem_scan/rare/migration_final","101","592500","591400","629200","913600","0","0","0","0"
"latency","50000/memmem_scan/rare/needle_7fd9","101","714400","709200","721600","1016100","0","0","0","0"
"latency","50000/memmem_scan/repeated/aaaa","101","439900","434600","454300","774800","0","0","0","0"
"latency","50000/memmem_scan/short/a","101","618400","598900","625600","873700","0","0","0","0"
"latency","50000/memmem_scan/short/re","101","478500","470700","479900","773000","0","0","0","0"
"latency","50000/memmem_scan/short/rs","101","466400","457900","467400","693200","0","0","0","0"
"latency","50000/memmem_scan/unicode/café","101","470400","462300","476200","793400","0","0","0","0"
"latency","50000/memmem_scan/unicode/東京","101","480200","475900","501200","837400","0","0","0","0"
"latency","50000/rarest_posting/broad/2026","101","56900","56500","56900","68100","0","0","0","0"
"latency","50000/rarest_posting/broad/app","101","51100","50200","51100","55400","0","0","0","0"
"latency","50000/rarest_posting/broad/document","101","143100","141400","143300","234100","0","0","0","0"
"latency","50000/rarest_posting/medium/audio","101","23600","23400","23700","25900","0","0","0","0"
"latency","50000/rarest_posting/medium/config","101","23800","23700","23900","31400","0","0","0","0"
"latency","50000/rarest_posting/medium/report","101","62600","57000","78600","112700","0","0","0","0"
"latency","50000/rarest_posting/miss/report_zzq","101","100","100","200","200","0","0","0","0"
"latency","50000/rarest_posting/miss/zzqxyw_no_such_file","101","100","100","100","200","0","0","0","0"
"latency","50000/rarest_posting/mixed_queries","1020","44800","44800","45100","703000","0","0","0","0"
"latency","50000/rarest_posting/phrase/visual studio","101","27000","26500","27300","29600","0","0","0","0"
"latency","50000/rarest_posting/rare/migration_final","101","300","200","300","300","0","0","0","0"
"latency","50000/rarest_posting/rare/needle_7fd9","101","200","200","200","300","0","0","0","0"
"latency","50000/rarest_posting/repeated/aaaa","101","39300","39100","39400","75100","0","0","0","0"
"latency","50000/rarest_posting/short/a","101","679600","675300","703300","1034700","0","0","0","0"
"latency","50000/rarest_posting/short/re","101","449600","444600","458100","747500","0","0","0","0"
"latency","50000/rarest_posting/short/rs","101","446200","442300","451000","727700","0","0","0","0"
"latency","50000/rarest_posting/unicode/café","101","24900","23800","25000","26500","0","0","0","0"
"latency","50000/rarest_posting/unicode/東京","101","26100","26100","26100","30300","0","0","0","0"
"latency","50000/scan/broad/2026","101","475500","472400","505800","820200","0","0","0","0"
"latency","50000/scan/broad/app","101","469400","466200","477300","826400","0","0","0","0"
"latency","50000/scan/broad/document","101","970600","956200","1038500","1510800","0","0","0","0"
"latency","50000/scan/medium/audio","101","515300","506700","532600","889700","0","0","0","0"
"latency","50000/scan/medium/config","101","555800","540500","559100","815200","0","0","0","0"
"latency","50000/scan/medium/report","101","568800","560500","580200","912600","0","0","0","0"
"latency","50000/scan/miss/report_zzq","101","1152100","1149400","1201900","1795000","0","0","0","0"
"latency","50000/scan/miss/zzqxyw_no_such_file","101","990400","986400","1017400","1553400","0","0","0","0"
"latency","50000/scan/mixed_queries","1020","746900","724900","786200","1624900","0","0","0","0"
"latency","50000/scan/phrase/visual studio","101","1355300","1353000","1426300","2013100","0","0","0","0"
"latency","50000/scan/rare/migration_final","101","1303600","1299800","1400600","1977100","0","0","0","0"
"latency","50000/scan/rare/needle_7fd9","101","1319800","1317300","1356400","1928100","0","0","0","0"
"latency","50000/scan/repeated/aaaa","101","1099500","1087100","1122700","1790000","0","0","0","0"
"latency","50000/scan/short/a","101","686100","669500","723300","1010800","0","0","0","0"
"latency","50000/scan/short/re","101","450500","449400","469000","770300","0","0","0","0"
"latency","50000/scan/short/rs","101","438900","435900","450000","732900","0","0","0","0"
"latency","50000/scan/unicode/café","101","508400","500300","510000","844400","0","0","0","0"
"latency","50000/scan/unicode/東京","101","507700","501400","521500","713100","0","0","0","0"
"latency","50000/selector_fixed/a","101","716400","695700","772600","1158000","0","0","0","0"
"latency","50000/selector_fixed/document","101","146100","144000","154700","276200","0","0","0","0"
"latency","50000/selector_fixed/needle_7fd9","101","200","200","300","300","0","0","0","0"
"latency","50000/selector_heap/a","101","540100","527400","569000","903500","0","0","0","0"
"latency","50000/selector_heap/document","101","120000","119900","122800","148500","0","0","0","0"
"latency","50000/selector_heap/needle_7fd9","101","200","200","200","300","0","0","0","0"
"latency","50000/selector_partial/a","101","684900","681000","708800","1046800","0","0","0","0"
"latency","50000/selector_partial/document","101","142800","135800","142900","230600","0","0","0","0"
"latency","50000/selector_partial/needle_7fd9","101","200","200","200","300","0","0","0","0"
"latency","50000/typing/full_scan_all_matches","101","5384400","5376400","5787300","7008800","0","0","0","0"
"latency","50000/typing/incremental_all_matches","101","2701000","2683500","2924900","3885600","0","0","0","0"
"latency","50000/upstream_candidates/broad/2026","101","62100","61000","66000","98700","0","0","0","0"
"latency","50000/upstream_candidates/broad/app","101","51800","51100","66700","66800","0","0","0","0"
"latency","50000/upstream_candidates/broad/document","101","159600","148300","160600","237600","0","0","0","0"
"latency","50000/upstream_candidates/medium/audio","101","29400","29100","30300","35600","0","0","0","0"
"latency","50000/upstream_candidates/medium/config","101","26800","26700","27100","41600","0","0","0","0"
"latency","50000/upstream_candidates/medium/report","101","71600","69200","73200","151900","0","0","0","0"
"latency","50000/upstream_candidates/miss/report_zzq","101","49200","47600","51300","84300","0","0","0","0"
"latency","50000/upstream_candidates/miss/zzqxyw_no_such_file","101","400","300","500","500","0","0","0","0"
"latency","50000/upstream_candidates/mixed_queries","1020","62000","48100","62700","1160600","0","0","0","0"
"latency","50000/upstream_candidates/phrase/visual studio","101","30600","30000","30600","41700","0","0","0","0"
"latency","50000/upstream_candidates/rare/migration_final","101","400","400","700","700","0","0","0","0"
"latency","50000/upstream_candidates/rare/needle_7fd9","101","300","300","600","600","0","0","0","0"
"latency","50000/upstream_candidates/repeated/aaaa","101","40800","40700","75800","48800","0","0","0","0"
"latency","50000/upstream_candidates/short/a","101","1167900","1165200","1238700","1675700","0","0","0","0"
"latency","50000/upstream_candidates/short/re","101","677300","671400","693600","1046700","0","0","0","0"
"latency","50000/upstream_candidates/short/rs","101","704900","699800","739400","1050200","0","0","0","0"
"latency","50000/upstream_candidates/unicode/café","101","28800","28600","48200","49300","0","0","0","0"
"latency","50000/upstream_candidates/unicode/東京","101","29100","27800","47200","52300","0","0","0","0"
"latency","50000/upstream_complete/broad/2026","51","16900","16700","17100","18000","0","0","0","0"
"latency","50000/upstream_complete/broad/app","51","11500","11200","11500","11800","0","0","0","0"
"latency","50000/upstream_complete/broad/document","51","35000","34500","35400","40800","0","0","0","0"
"latency","50000/upstream_complete/medium/audio","51","12300","11900","12500","12900","0","0","0","0"
"latency","50000/upstream_complete/medium/config","51","8300","8300","13800","8400","0","0","0","0"
"latency","50000/upstream_complete/medium/report","51","18300","18100","30100","21600","0","0","0","0"
"latency","50000/upstream_complete/miss/report_zzq","51","1299700","1296300","1384600","1962300","0","0","0","0"
"latency","50000/upstream_complete/miss/zzqxyw_no_such_file","51","1117100","1113300","1123100","1555100","0","0","0","0"
"latency","50000/upstream_complete/phrase/visual studio","51","8500","8300","8500","14000","0","0","0","0"
"latency","50000/upstream_complete/rare/migration_final","51","1463200","1443900","1552500","2126800","0","0","0","0"
"latency","50000/upstream_complete/rare/needle_7fd9","51","1422900","1400200","1452500","2198300","0","0","0","0"
"latency","50000/upstream_complete/repeated/aaaa","51","7700","7700","12400","8100","0","0","0","0"
"latency","50000/upstream_complete/short/a","51","2000","1900","2000","2100","0","0","0","0"
"latency","50000/upstream_complete/short/re","51","3400","3300","3500","3600","0","0","0","0"
"latency","50000/upstream_complete/short/rs","51","2700","2500","2800","2800","0","0","0","0"
"latency","50000/upstream_complete/unicode/café","51","10900","8900","16400","17800","0","0","0","0"
"latency","50000/upstream_complete/unicode/東京","51","12500","8900","14200","16700","0","0","0","0"
