"Kind","Case","SamplesPerRun","MedianNs","MinRunMedianNs","MaxRunMedianNs","MedianRunP95Ns","RetainedBytes","PeakBytes"
"build","local_source/block64","5","14840400","14390100","16177100","0","1904360","3519648"
"build","local_source/file","5","15382600","14640700","15992000","0","1278572","2639104"
"build","local_source/line","5","16925300","16430100","17572100","0","3851664","6120112"
"build","local_source/positional","5","17557200","16198600","17828400","0","4255772","6879408"
"build","synthetic/block64","5","43702200","42615800","43932300","0","1979952","2194432"
"build","synthetic/file","5","39921400","39715900","40812600","0","519768","589312"
"build","synthetic/line","5","55266400","54802200","55652900","0","21010128","23221392"
"build","synthetic/positional","5","57784900","56844600","58291800","0","21547964","24302592"
"latency","local_source/block_rarest/all/::","101","172100","171500","174300","256100","0","0"
"latency","local_source/block_rarest/all/a","101","516600","516500","520400","743300","0","0"
"latency","local_source/block_rarest/all/abcd","101","100","100","200","200","0","0"
"latency","local_source/block_rarest/all/café","101","100","100","100","100","0","0"
"latency","local_source/block_rarest/all/configure","101","1700","1600","2000","2600","0","0"
"latency","local_source/block_rarest/all/let ","101","80200","77700","90500","162300","0","0"
"latency","local_source/block_rarest/all/needle_tag_7fd9","101","100","100","100","200","0","0"
"latency","local_source/block_rarest/all/normalize_search_text","101","7100","6800","7100","8000","0","0"
"latency","local_source/block_rarest/all/return","101","24200","23600","26900","49700","0","0"
"latency","local_source/block_rarest/all/zzqxyw_no_such_content","101","100","100","100","100","0","0"
"latency","local_source/block_rarest/first12/::","101","500","500","500","500","0","0"
"latency","local_source/block_rarest/first12/a","101","400","400","500","500","0","0"
"latency","local_source/block_rarest/first12/abcd","101","100","100","200","200","0","0"
"latency","local_source/block_rarest/first12/café","101","100","100","100","100","0","0"
"latency","local_source/block_rarest/first12/configure","101","700","700","1600","800","0","0"
"latency","local_source/block_rarest/first12/let ","101","300","300","300","400","0","0"
"latency","local_source/block_rarest/first12/needle_tag_7fd9","101","100","100","100","100","0","0"
"latency","local_source/block_rarest/first12/normalize_search_text","101","1400","1400","1600","1500","0","0"
"latency","local_source/block_rarest/first12/return","101","700","700","700","700","0","0"
"latency","local_source/block_rarest/first12/zzqxyw_no_such_content","101","100","100","100","200","0","0"
"latency","local_source/buffer_scan/all/::","101","174400","172400","176600","265000","0","0"
"latency","local_source/buffer_scan/all/a","101","515200","513800","522800","709800","0","0"
"latency","local_source/buffer_scan/all/abcd","101","18300","16500","18400","46700","0","0"
"latency","local_source/buffer_scan/all/café","101","17300","15300","28700","31400","0","0"
"latency","local_source/buffer_scan/all/configure","101","19800","19500","31900","33700","0","0"
"latency","local_source/buffer_scan/all/let ","101","133700","130100","136900","208500","0","0"
"latency","local_source/buffer_scan/all/needle_tag_7fd9","101","18000","16600","18200","35600","0","0"
"latency","local_source/buffer_scan/all/normalize_search_text","101","24300","24000","24700","36100","0","0"
"latency","local_source/buffer_scan/all/return","101","56100","54600","56300","124400","0","0"
"latency","local_source/buffer_scan/all/zzqxyw_no_such_content","101","15200","15100","28400","23100","0","0"
"latency","local_source/buffer_scan/first12/::","101","500","500","500","500","0","0"
"latency","local_source/buffer_scan/first12/a","101","400","400","400","500","0","0"
"latency","local_source/buffer_scan/first12/abcd","101","17300","16400","28900","38700","0","0"
"latency","local_source/buffer_scan/first12/café","101","17300","15300","28200","32400","0","0"
"latency","local_source/buffer_scan/first12/configure","101","9200","8800","12300","9200","0","0"
"latency","local_source/buffer_scan/first12/let ","101","500","500","500","500","0","0"
"latency","local_source/buffer_scan/first12/needle_tag_7fd9","101","18800","16400","30600","21900","0","0"
"latency","local_source/buffer_scan/first12/normalize_search_text","101","4600","4400","7500","4700","0","0"
"latency","local_source/buffer_scan/first12/return","101","1100","1100","1100","1200","0","0"
"latency","local_source/buffer_scan/first12/zzqxyw_no_such_content","101","15200","15100","28600","37800","0","0"
"latency","local_source/file_rarest/all/::","101","173500","172900","174700","253100","0","0"
"latency","local_source/file_rarest/all/a","101","517600","517000","521500","735900","0","0"
"latency","local_source/file_rarest/all/abcd","101","500","500","500","500","0","0"
"latency","local_source/file_rarest/all/café","101","100","100","100","100","0","0"
"latency","local_source/file_rarest/all/configure","101","6600","6400","11300","12000","0","0"
"latency","local_source/file_rarest/all/let ","101","104500","103500","109400","168000","0","0"
"latency","local_source/file_rarest/all/needle_tag_7fd9","101","100","100","100","100","0","0"
"latency","local_source/file_rarest/all/normalize_search_text","101","14800","14100","14900","15200","0","0"
"latency","local_source/file_rarest/all/return","101","44300","42400","59700","69500","0","0"
"latency","local_source/file_rarest/all/zzqxyw_no_such_content","101","100","100","100","100","0","0"
"latency","local_source/file_rarest/first12/::","101","500","500","500","500","0","0"
"latency","local_source/file_rarest/first12/a","101","400","400","500","500","0","0"
"latency","local_source/file_rarest/first12/abcd","101","500","500","500","600","0","0"
"latency","local_source/file_rarest/first12/café","101","100","100","100","100","0","0"
"latency","local_source/file_rarest/first12/configure","101","2000","2000","2100","2000","0","0"
"latency","local_source/file_rarest/first12/let ","101","400","400","400","400","0","0"
"latency","local_source/file_rarest/first12/needle_tag_7fd9","101","100","100","100","100","0","0"
"latency","local_source/file_rarest/first12/normalize_search_text","101","4000","2800","4300","5400","0","0"
"latency","local_source/file_rarest/first12/return","101","1000","900","1000","1000","0","0"
"latency","local_source/file_rarest/first12/zzqxyw_no_such_content","101","100","100","100","100","0","0"
"latency","local_source/line_intersect/all/::","101","173000","171800","180900","289300","0","0"
"latency","local_source/line_intersect/all/a","101","519800","519600","524900","762300","0","0"
"latency","local_source/line_intersect/all/abcd","101","100","100","100","100","0","0"
"latency","local_source/line_intersect/all/café","101","100","100","100","100","0","0"
"latency","local_source/line_intersect/all/configure","101","500","500","500","500","0","0"
"latency","local_source/line_intersect/all/let ","101","36000","35600","59600","61000","0","0"
"latency","local_source/line_intersect/all/needle_tag_7fd9","101","100","100","100","100","0","0"
"latency","local_source/line_intersect/all/normalize_search_text","101","2000","2000","2000","2100","0","0"
"latency","local_source/line_intersect/all/return","101","6700","6600","8600","10000","0","0"
"latency","local_source/line_intersect/all/zzqxyw_no_such_content","101","100","100","100","100","0","0"
"latency","local_source/line_intersect/first12/::","101","500","500","500","500","0","0"
"latency","local_source/line_intersect/first12/a","101","400","400","400","500","0","0"
"latency","local_source/line_intersect/first12/abcd","101","100","100","100","200","0","0"
"latency","local_source/line_intersect/first12/café","101","100","0","100","100","0","0"
"latency","local_source/line_intersect/first12/configure","101","300","300","300","400","0","0"
"latency","local_source/line_intersect/first12/let ","101","3600","3600","3600","3700","0","0"
"latency","local_source/line_intersect/first12/needle_tag_7fd9","101","100","100","100","200","0","0"
"latency","local_source/line_intersect/first12/normalize_search_text","101","1100","700","1100","1400","0","0"
"latency","local_source/line_intersect/first12/return","101","900","900","900","900","0","0"
"latency","local_source/line_intersect/first12/zzqxyw_no_such_content","101","100","100","100","100","0","0"
"latency","local_source/line_rarest/all/::","101","171400","169900","172900","254400","0","0"
"latency","local_source/line_rarest/all/a","101","519700","516500","522000","729400","0","0"
"latency","local_source/line_rarest/all/abcd","101","100","100","100","100","0","0"
"latency","local_source/line_rarest/all/café","101","100","100","100","100","0","0"
"latency","local_source/line_rarest/all/configure","101","400","400","500","500","0","0"
"latency","local_source/line_rarest/all/let ","101","32700","32600","34000","65600","0","0"
"latency","local_source/line_rarest/all/needle_tag_7fd9","101","100","100","100","100","0","0"
"latency","local_source/line_rarest/all/normalize_search_text","101","2300","2300","2300","2300","0","0"
"latency","local_source/line_rarest/all/return","101","6000","5900","6000","6400","0","0"
"latency","local_source/line_rarest/all/zzqxyw_no_such_content","101","100","100","100","100","0","0"
"latency","local_source/line_rarest/first12/::","101","500","500","500","600","0","0"
"latency","local_source/line_rarest/first12/a","101","500","400","500","500","0","0"
"latency","local_source/line_rarest/first12/abcd","101","100","100","100","100","0","0"
"latency","local_source/line_rarest/first12/café","101","100","100","100","100","0","0"
"latency","local_source/line_rarest/first12/configure","101","300","300","500","300","0","0"
"latency","local_source/line_rarest/first12/let ","101","200","200","300","200","0","0"
"latency","local_source/line_rarest/first12/needle_tag_7fd9","101","100","100","100","100","0","0"
"latency","local_source/line_rarest/first12/normalize_search_text","101","400","400","800","500","0","0"
"latency","local_source/line_rarest/first12/return","101","300","200","300","400","0","0"
"latency","local_source/line_rarest/first12/zzqxyw_no_such_content","101","100","100","100","100","0","0"
"latency","local_source/line_scan/all/::","101","263100","262100","263400","423900","0","0"
"latency","local_source/line_scan/all/a","101","291200","290400","299300","437600","0","0"
"latency","local_source/line_scan/all/abcd","101","262400","260300","263800","430800","0","0"
"latency","local_source/line_scan/all/café","101","257800","254200","260300","418400","0","0"
"latency","local_source/line_scan/all/configure","101","261900","259800","320700","436400","0","0"
"latency","local_source/line_scan/all/let ","101","277100","269200","278200","453200","0","0"
"latency","local_source/line_scan/all/needle_tag_7fd9","101","265600","261600","269600","435600","0","0"
"latency","local_source/line_scan/all/normalize_search_text","101","219300","217400","226800","348200","0","0"
"latency","local_source/line_scan/all/return","101","262700","262300","272000","436400","0","0"
"latency","local_source/line_scan/all/zzqxyw_no_such_content","101","199700","191900","211900","350100","0","0"
"latency","local_source/line_scan/first12/::","101","400","400","700","400","0","0"
"latency","local_source/line_scan/first12/a","101","100","100","200","200","0","0"
"latency","local_source/line_scan/first12/abcd","101","263600","261300","266700","470700","0","0"
"latency","local_source/line_scan/first12/café","101","256700","256200","257700","423500","0","0"
"latency","local_source/line_scan/first12/configure","101","93100","90300","96200","147100","0","0"
"latency","local_source/line_scan/first12/let ","101","700","700","800","900","0","0"
"latency","local_source/line_scan/first12/needle_tag_7fd9","101","267400","266600","270700","431000","0","0"
"latency","local_source/line_scan/first12/normalize_search_text","101","26000","25600","27100","46500","0","0"
"latency","local_source/line_scan/first12/return","101","4900","4800","9200","10100","0","0"
"latency","local_source/line_scan/first12/zzqxyw_no_such_content","101","190100","189700","197100","322200","0","0"
"latency","local_source/position_pair/all/::","101","173300","173100","173600","269000","0","0"
"latency","local_source/position_pair/all/a","101","516100","514700","523200","703000","0","0"
"latency","local_source/position_pair/all/abcd","101","100","100","100","100","0","0"
"latency","local_source/position_pair/all/café","101","0","0","0","100","0","0"
"latency","local_source/position_pair/all/configure","101","700","700","1100","800","0","0"
"latency","local_source/position_pair/all/let ","101","68700","68200","72200","117900","0","0"
"latency","local_source/position_pair/all/needle_tag_7fd9","101","0","0","100","100","0","0"
"latency","local_source/position_pair/all/normalize_search_text","101","3900","3800","5500","4100","0","0"
"latency","local_source/position_pair/all/return","101","15300","15100","18900","24700","0","0"
"latency","local_source/position_pair/all/zzqxyw_no_such_content","101","0","0","0","100","0","0"
"latency","local_source/position_pair/first12/::","101","500","500","500","500","0","0"
"latency","local_source/position_pair/first12/a","101","400","400","500","500","0","0"
"latency","local_source/position_pair/first12/abcd","101","100","100","100","100","0","0"
"latency","local_source/position_pair/first12/café","101","0","0","100","100","0","0"
"latency","local_source/position_pair/first12/configure","101","400","400","700","400","0","0"
"latency","local_source/position_pair/first12/let ","101","300","300","500","400","0","0"
"latency","local_source/position_pair/first12/needle_tag_7fd9","101","0","0","100","100","0","0"
"latency","local_source/position_pair/first12/normalize_search_text","101","600","500","700","700","0","0"
"latency","local_source/position_pair/first12/return","101","300","300","500","400","0","0"
"latency","local_source/position_pair/first12/zzqxyw_no_such_content","101","0","0","100","100","0","0"
"latency","local_source/position_rarest/all/::","101","173000","172000","174400","282400","0","0"
"latency","local_source/position_rarest/all/a","101","517900","513300","519600","768300","0","0"
"latency","local_source/position_rarest/all/abcd","101","100","100","100","100","0","0"
"latency","local_source/position_rarest/all/café","101","0","0","0","100","0","0"
"latency","local_source/position_rarest/all/configure","101","600","600","900","600","0","0"
"latency","local_source/position_rarest/all/let ","101","50000","49400","66800","67700","0","0"
"latency","local_source/position_rarest/all/needle_tag_7fd9","101","0","0","100","100","0","0"
"latency","local_source/position_rarest/all/normalize_search_text","101","2900","2900","4000","3000","0","0"
"latency","local_source/position_rarest/all/return","101","12300","12300","12400","16400","0","0"
"latency","local_source/position_rarest/all/zzqxyw_no_such_content","101","0","0","0","100","0","0"
"latency","local_source/position_rarest/first12/::","101","500","500","500","500","0","0"
"latency","local_source/position_rarest/first12/a","101","400","400","500","500","0","0"
"latency","local_source/position_rarest/first12/abcd","101","100","100","100","100","0","0"
"latency","local_source/position_rarest/first12/café","101","0","0","0","100","0","0"
"latency","local_source/position_rarest/first12/configure","101","300","300","400","300","0","0"
"latency","local_source/position_rarest/first12/let ","101","300","300","300","300","0","0"
"latency","local_source/position_rarest/first12/needle_tag_7fd9","101","0","0","100","100","0","0"
"latency","local_source/position_rarest/first12/normalize_search_text","101","400","400","400","400","0","0"
"latency","local_source/position_rarest/first12/return","101","300","300","400","300","0","0"
"latency","local_source/position_rarest/first12/zzqxyw_no_such_content","101","0","0","0","100","0","0"
"latency","synthetic/block_rarest/all/::","101","82200","79300","90000","147700","0","0"
"latency","synthetic/block_rarest/all/a","101","2893700","2892000","2912700","3299300","0","0"
"latency","synthetic/block_rarest/all/abcd","101","120000","118800","120900","241700","0","0"
"latency","synthetic/block_rarest/all/café","101","278900","271900","284500","448000","0","0"
"latency","synthetic/block_rarest/all/configure","101","455100","411700","458400","660600","0","0"
"latency","synthetic/block_rarest/all/let ","101","447700","440500","461900","666600","0","0"
"latency","synthetic/block_rarest/all/needle_tag_7fd9","101","200","200","200","200","0","0"
"latency","synthetic/block_rarest/all/normalize_search_text","101","100","100","100","100","0","0"
"latency","synthetic/block_rarest/all/return","101","281900","270300","284800","461700","0","0"
"latency","synthetic/block_rarest/all/zzqxyw_no_such_content","101","100","100","100","100","0","0"
"latency","synthetic/block_rarest/first12/::","101","89500","78100","126100","151800","0","0"
"latency","synthetic/block_rarest/first12/a","101","500","500","500","500","0","0"
"latency","synthetic/block_rarest/first12/abcd","101","120900","115100","124600","227600","0","0"
"latency","synthetic/block_rarest/first12/café","101","400","400","600","400","0","0"
"latency","synthetic/block_rarest/first12/configure","101","400","400","500","400","0","0"
"latency","synthetic/block_rarest/first12/let ","101","300","300","400","400","0","0"
"latency","synthetic/block_rarest/first12/needle_tag_7fd9","101","200","200","200","200","0","0"
"latency","synthetic/block_rarest/first12/normalize_search_text","101","100","100","100","100","0","0"
"latency","synthetic/block_rarest/first12/return","101","400","400","600","500","0","0"
"latency","synthetic/block_rarest/first12/zzqxyw_no_such_content","101","100","100","100","100","0","0"
"latency","synthetic/buffer_scan/all/::","101","86600","82200","87700","191700","0","0"
"latency","synthetic/buffer_scan/all/a","101","2953600","2938100","3114400","3296400","0","0"
"latency","synthetic/buffer_scan/all/abcd","101","108400","106300","108400","192000","0","0"
"latency","synthetic/buffer_scan/all/café","101","601100","588500","634500","864200","0","0"
"latency","synthetic/buffer_scan/all/configure","101","1008600","1005300","1083900","1371200","0","0"
"latency","synthetic/buffer_scan/all/let ","101","1040700","1022300","1097600","1337700","0","0"
"latency","synthetic/buffer_scan/all/needle_tag_7fd9","101","100100","98200","103800","192600","0","0"
"latency","synthetic/buffer_scan/all/normalize_search_text","101","95000","93200","95400","191900","0","0"
"latency","synthetic/buffer_scan/all/return","101","608600","576900","612100","873000","0","0"
"latency","synthetic/buffer_scan/all/zzqxyw_no_such_content","101","94800","90400","95600","176800","0","0"
"latency","synthetic/buffer_scan/first12/::","101","77800","73800","78000","144900","0","0"
"latency","synthetic/buffer_scan/first12/a","101","500","500","500","600","0","0"
"latency","synthetic/buffer_scan/first12/abcd","101","109200","108300","113600","213900","0","0"
"latency","synthetic/buffer_scan/first12/café","101","600","600","600","700","0","0"
"latency","synthetic/buffer_scan/first12/configure","101","600","600","700","600","0","0"
"latency","synthetic/buffer_scan/first12/let ","101","600","600","700","700","0","0"
"latency","synthetic/buffer_scan/first12/needle_tag_7fd9","101","95900","95700","99200","189400","0","0"
"latency","synthetic/buffer_scan/first12/normalize_search_text","101","90900","87100","96400","184200","0","0"
"latency","synthetic/buffer_scan/first12/return","101","700","700","1000","900","0","0"
"latency","synthetic/buffer_scan/first12/zzqxyw_no_such_content","101","93900","86900","95700","180300","0","0"
"latency","synthetic/file_rarest/all/::","101","77700","77300","126200","142700","0","0"
"latency","synthetic/file_rarest/all/a","101","2896800","2866000","2930000","3199200","0","0"
"latency","synthetic/file_rarest/all/abcd","101","113800","112800","118100","208600","0","0"
"latency","synthetic/file_rarest/all/café","101","351300","338100","358000","537800","0","0"
"latency","synthetic/file_rarest/all/configure","101","542600","539700","548000","836400","0","0"
"latency","synthetic/file_rarest/all/let ","101","548300","528300","566600","788500","0","0"
"latency","synthetic/file_rarest/all/needle_tag_7fd9","101","1000","1000","1000","1100","0","0"
"latency","synthetic/file_rarest/all/normalize_search_text","101","100","100","100","100","0","0"
"latency","synthetic/file_rarest/all/return","101","371200","354600","390900","583400","0","0"
"latency","synthetic/file_rarest/all/zzqxyw_no_such_content","101","100","100","100","100","0","0"
"latency","synthetic/file_rarest/first12/::","101","79800","77000","82500","144800","0","0"
"latency","synthetic/file_rarest/first12/a","101","500","500","700","600","0","0"
"latency","synthetic/file_rarest/first12/abcd","101","112900","112800","118000","197200","0","0"
"latency","synthetic/file_rarest/first12/café","101","500","500","600","500","0","0"
"latency","synthetic/file_rarest/first12/configure","101","600","400","600","600","0","0"
"latency","synthetic/file_rarest/first12/let ","101","500","400","600","600","0","0"
"latency","synthetic/file_rarest/first12/needle_tag_7fd9","101","1000","900","1600","1000","0","0"
"latency","synthetic/file_rarest/first12/normalize_search_text","101","100","100","100","100","0","0"
"latency","synthetic/file_rarest/first12/return","101","500","500","600","700","0","0"
"latency","synthetic/file_rarest/first12/zzqxyw_no_such_content","101","100","100","100","100","0","0"
"latency","synthetic/line_intersect/all/::","101","82200","75900","83100","131100","0","0"
"latency","synthetic/line_intersect/all/a","101","2941800","2895200","2971200","3247800","0","0"
"latency","synthetic/line_intersect/all/abcd","101","10500","10400","10500","10500","0","0"
"latency","synthetic/line_intersect/all/café","101","115500","115200","116400","227500","0","0"
"latency","synthetic/line_intersect/all/configure","101","231800","231600","232700","401100","0","0"
"latency","synthetic/line_intersect/all/let ","101","227000","226200","240600","418900","0","0"
"latency","synthetic/line_intersect/all/needle_tag_7fd9","101","200","200","200","200","0","0"
"latency","synthetic/line_intersect/all/normalize_search_text","101","100","100","100","100","0","0"
"latency","synthetic/line_intersect/all/return","101","116800","116000","139900","234700","0","0"
"latency","synthetic/line_intersect/all/zzqxyw_no_such_content","101","100","100","100","100","0","0"
"latency","synthetic/line_intersect/first12/::","101","77900","77300","82000","136900","0","0"
"latency","synthetic/line_intersect/first12/a","101","500","500","500","600","0","0"
"latency","synthetic/line_intersect/first12/abcd","101","10500","10500","14800","14200","0","0"
"latency","synthetic/line_intersect/first12/café","101","10400","10400","10500","18700","0","0"
"latency","synthetic/line_intersect/first12/configure","101","20800","20700","20800","39000","0","0"
"latency","synthetic/line_intersect/first12/let ","101","20600","20500","20800","41700","0","0"
"latency","synthetic/line_intersect/first12/needle_tag_7fd9","101","200","200","200","300","0","0"
"latency","synthetic/line_intersect/first12/normalize_search_text","101","100","100","100","100","0","0"
"latency","synthetic/line_intersect/first12/return","101","10500","10400","10500","10600","0","0"
"latency","synthetic/line_intersect/first12/zzqxyw_no_such_content","101","100","100","100","100","0","0"
"latency","synthetic/line_rarest/all/::","101","81800","77500","82300","143400","0","0"
"latency","synthetic/line_rarest/all/a","101","2897100","2879700","2901800","3252600","0","0"
"latency","synthetic/line_rarest/all/abcd","101","111300","110800","111900","221500","0","0"
"latency","synthetic/line_rarest/all/café","101","106300","105400","122400","254400","0","0"
"latency","synthetic/line_rarest/all/configure","101","213300","212400","216900","425300","0","0"
"latency","synthetic/line_rarest/all/let ","101","211400","209100","221000","429000","0","0"
"latency","synthetic/line_rarest/all/needle_tag_7fd9","101","200","200","200","200","0","0"
"latency","synthetic/line_rarest/all/normalize_search_text","101","100","100","100","100","0","0"
"latency","synthetic/line_rarest/all/return","101","106100","106100","129700","212800","0","0"
"latency","synthetic/line_rarest/all/zzqxyw_no_such_content","101","100","100","100","100","0","0"
"latency","synthetic/line_rarest/first12/::","101","82100","77200","82600","145200","0","0"
"latency","synthetic/line_rarest/first12/a","101","500","500","600","600","0","0"
"latency","synthetic/line_rarest/first12/abcd","101","111500","111200","113500","200100","0","0"
"latency","synthetic/line_rarest/first12/café","101","200","200","200","200","0","0"
"latency","synthetic/line_rarest/first12/configure","101","200","200","400","400","0","0"
"latency","synthetic/line_rarest/first12/let ","101","200","200","300","200","0","0"
"latency","synthetic/line_rarest/first12/needle_tag_7fd9","101","200","200","200","200","0","0"
"latency","synthetic/line_rarest/first12/normalize_search_text","101","100","100","100","100","0","0"
"latency","synthetic/line_rarest/first12/return","101","200","200","300","200","0","0"
"latency","synthetic/line_rarest/first12/zzqxyw_no_such_content","101","100","100","100","100","0","0"
"latency","synthetic/line_scan/all/::","101","414700","413300","421800","771400","0","0"
"latency","synthetic/line_scan/all/a","101","345900","342300","349000","628300","0","0"
"latency","synthetic/line_scan/all/abcd","101","450600","438100","474700","830800","0","0"
"latency","synthetic/line_scan/all/café","101","433700","432500","457400","815800","0","0"
"latency","synthetic/line_scan/all/configure","101","439200","434300","440400","691000","0","0"
"latency","synthetic/line_scan/all/let ","101","430100","428900","433800","792500","0","0"
"latency","synthetic/line_scan/all/needle_tag_7fd9","101","420600","415700","420700","736500","0","0"
"latency","synthetic/line_scan/all/normalize_search_text","101","417800","415800","434500","755100","0","0"
"latency","synthetic/line_scan/all/return","101","438400","432000","444100","821800","0","0"
"latency","synthetic/line_scan/all/zzqxyw_no_such_content","101","426100","425700","428700","790800","0","0"
"latency","synthetic/line_scan/first12/::","101","413300","408300","416900","763500","0","0"
"latency","synthetic/line_scan/first12/a","101","100","100","100","100","0","0"
"latency","synthetic/line_scan/first12/abcd","101","467200","438800","468100","834700","0","0"
"latency","synthetic/line_scan/first12/café","101","600","600","700","1200","0","0"
"latency","synthetic/line_scan/first12/configure","101","300","300","300","400","0","0"
"latency","synthetic/line_scan/first12/let ","101","300","300","300","400","0","0"
"latency","synthetic/line_scan/first12/needle_tag_7fd9","101","421000","420300","421100","795500","0","0"
"latency","synthetic/line_scan/first12/normalize_search_text","101","430200","420400","432700","797500","0","0"
"latency","synthetic/line_scan/first12/return","101","600","600","600","700","0","0"
"latency","synthetic/line_scan/first12/zzqxyw_no_such_content","101","423400","422100","430800","792200","0","0"
"latency","synthetic/position_pair/all/::","101","77800","77400","82000","125500","0","0"
"latency","synthetic/position_pair/all/a","101","2936300","2890100","3085400","3289300","0","0"
"latency","synthetic/position_pair/all/abcd","101","76600","76500","76700","129200","0","0"
"latency","synthetic/position_pair/all/café","101","399700","390300","399900","643100","0","0"
"latency","synthetic/position_pair/all/configure","101","733800","680600","750900","1013900","0","0"
"latency","synthetic/position_pair/all/let ","101","762400","690800","766600","1082200","0","0"
"latency","synthetic/position_pair/all/needle_tag_7fd9","101","200","200","200","200","0","0"
"latency","synthetic/position_pair/all/normalize_search_text","101","0","0","0","100","0","0"
"latency","synthetic/position_pair/all/return","101","425800","356000","428200","658100","0","0"
"latency","synthetic/position_pair/all/zzqxyw_no_such_content","101","0","0","0","100","0","0"
"latency","synthetic/position_pair/first12/::","101","81300","77600","81400","139500","0","0"
"latency","synthetic/position_pair/first12/a","101","500","500","600","600","0","0"
"latency","synthetic/position_pair/first12/abcd","101","77000","76600","77100","134400","0","0"
"latency","synthetic/position_pair/first12/café","101","600","500","800","600","0","0"
"latency","synthetic/position_pair/first12/configure","101","400","400","400","500","0","0"
"latency","synthetic/position_pair/first12/let ","101","500","400","500","500","0","0"
"latency","synthetic/position_pair/first12/needle_tag_7fd9","101","200","200","200","200","0","0"
"latency","synthetic/position_pair/first12/normalize_search_text","101","0","0","0","100","0","0"
"latency","synthetic/position_pair/first12/return","101","400","400","600","600","0","0"
"latency","synthetic/position_pair/first12/zzqxyw_no_such_content","101","0","0","0","100","0","0"
"latency","synthetic/position_rarest/all/::","101","81800","76700","82300","159300","0","0"
"latency","synthetic/position_rarest/all/a","101","2969300","2934100","3060700","3240600","0","0"
"latency","synthetic/position_rarest/all/abcd","101","24600","23200","24800","42600","0","0"
"latency","synthetic/position_rarest/all/café","101","276000","264600","280300","475900","0","0"
"latency","synthetic/position_rarest/all/configure","101","492600","468900","510900","773800","0","0"
"latency","synthetic/position_rarest/all/let ","101","525100","507000","527800","818100","0","0"
"latency","synthetic/position_rarest/all/needle_tag_7fd9","101","200","200","200","200","0","0"
"latency","synthetic/position_rarest/all/normalize_search_text","101","0","0","100","100","0","0"
"latency","synthetic/position_rarest/all/return","101","272100","266900","299300","472000","0","0"
"latency","synthetic/position_rarest/all/zzqxyw_no_such_content","101","0","0","0","100","0","0"
"latency","synthetic/position_rarest/first12/::","101","82200","77500","82400","170000","0","0"
"latency","synthetic/position_rarest/first12/a","101","600","500","600","700","0","0"
"latency","synthetic/position_rarest/first12/abcd","101","24500","24400","36000","59200","0","0"
"latency","synthetic/position_rarest/first12/café","101","300","300","500","400","0","0"
"latency","synthetic/position_rarest/first12/configure","101","300","300","500","400","0","0"
"latency","synthetic/position_rarest/first12/let ","101","400","300","500","500","0","0"
"latency","synthetic/position_rarest/first12/needle_tag_7fd9","101","200","200","200","200","0","0"
"latency","synthetic/position_rarest/first12/normalize_search_text","101","0","0","0","100","0","0"
"latency","synthetic/position_rarest/first12/return","101","300","300","400","400","0","0"
"latency","synthetic/position_rarest/first12/zzqxyw_no_such_content","101","0","0","0","100","0","0"
