"Kind","Case","MedianNs","MinRunMedianNs","MaxRunMedianNs","MedianRunP95Ns","RetainedBytes","PeakBytes"
"allocation","128/flat_postings/cold_scratch/a","0","0","0","0","0","1536"
"allocation","128/flat_postings/cold_scratch/needle_7fd9","0","0","0","0","0","48"
"allocation","128/flat_postings/cold_scratch/report","0","0","0","0","0","96"
"allocation","128/flat_postings/cold_scratch/zzqxyw_no_such_file","0","0","0","0","0","0"
"allocation","128/flat_postings/warm_scratch/a","0","0","0","0","0","0"
"allocation","128/flat_postings/warm_scratch/needle_7fd9","0","0","0","0","0","0"
"allocation","128/flat_postings/warm_scratch/report","0","0","0","0","0","0"
"allocation","128/flat_postings/warm_scratch/zzqxyw_no_such_file","0","0","0","0","0","0"
"allocation","128/rarest_posting/cold_scratch/a","0","0","0","0","0","1536"
"allocation","128/rarest_posting/cold_scratch/needle_7fd9","0","0","0","0","0","48"
"allocation","128/rarest_posting/cold_scratch/report","0","0","0","0","0","96"
"allocation","128/rarest_posting/cold_scratch/zzqxyw_no_such_file","0","0","0","0","0","0"
"allocation","128/rarest_posting/warm_scratch/a","0","0","0","0","0","0"
"allocation","128/rarest_posting/warm_scratch/needle_7fd9","0","0","0","0","0","0"
"allocation","128/rarest_posting/warm_scratch/report","0","0","0","0","0","0"
"allocation","128/rarest_posting/warm_scratch/zzqxyw_no_such_file","0","0","0","0","0","0"
"allocation","128/scan/cold_scratch/a","0","0","0","0","0","1536"
"allocation","128/scan/cold_scratch/needle_7fd9","0","0","0","0","0","48"
"allocation","128/scan/cold_scratch/report","0","0","0","0","0","96"
"allocation","128/scan/cold_scratch/zzqxyw_no_such_file","0","0","0","0","0","0"
"allocation","128/scan/warm_scratch/a","0","0","0","0","0","0"
"allocation","128/scan/warm_scratch/needle_7fd9","0","0","0","0","0","0"
"allocation","128/scan/warm_scratch/report","0","0","0","0","0","0"
"allocation","128/scan/warm_scratch/zzqxyw_no_such_file","0","0","0","0","0","0"
"allocation","128/upstream_candidates/cold_scratch/a","0","0","0","0","0","1536"
"allocation","128/upstream_candidates/cold_scratch/needle_7fd9","0","0","0","0","0","264"
"allocation","128/upstream_candidates/cold_scratch/report","0","0","0","0","0","124"
"allocation","128/upstream_candidates/cold_scratch/zzqxyw_no_such_file","0","0","0","0","0","132"
"allocation","128/upstream_candidates/warm_scratch/a","0","0","0","0","0","0"
"allocation","128/upstream_candidates/warm_scratch/needle_7fd9","0","0","0","0","0","264"
"allocation","128/upstream_candidates/warm_scratch/report","0","0","0","0","0","120"
"allocation","128/upstream_candidates/warm_scratch/zzqxyw_no_such_file","0","0","0","0","0","132"
"allocation","128/upstream_complete/a","0","0","0","0","0","2217"
"allocation","128/upstream_complete/needle_7fd9","0","0","0","0","0","1510"
"allocation","128/upstream_complete/report","0","0","0","0","0","1899"
"allocation","128/upstream_complete/zzqxyw_no_such_file","0","0","0","0","0","1459"
"allocation","32/flat_postings/cold_scratch/a","0","0","0","0","0","384"
"allocation","32/flat_postings/cold_scratch/needle_7fd9","0","0","0","0","0","48"
"allocation","32/flat_postings/cold_scratch/report","0","0","0","0","0","48"
"allocation","32/flat_postings/cold_scratch/zzqxyw_no_such_file","0","0","0","0","0","0"
"allocation","32/flat_postings/warm_scratch/a","0","0","0","0","0","0"
"allocation","32/flat_postings/warm_scratch/needle_7fd9","0","0","0","0","0","0"
"allocation","32/flat_postings/warm_scratch/report","0","0","0","0","0","0"
"allocation","32/flat_postings/warm_scratch/zzqxyw_no_such_file","0","0","0","0","0","0"
"allocation","32/rarest_posting/cold_scratch/a","0","0","0","0","0","384"
"allocation","32/rarest_posting/cold_scratch/needle_7fd9","0","0","0","0","0","48"
"allocation","32/rarest_posting/cold_scratch/report","0","0","0","0","0","48"
"allocation","32/rarest_posting/cold_scratch/zzqxyw_no_such_file","0","0","0","0","0","0"
"allocation","32/rarest_posting/warm_scratch/a","0","0","0","0","0","0"
"allocation","32/rarest_posting/warm_scratch/needle_7fd9","0","0","0","0","0","0"
"allocation","32/rarest_posting/warm_scratch/report","0","0","0","0","0","0"
"allocation","32/rarest_posting/warm_scratch/zzqxyw_no_such_file","0","0","0","0","0","0"
"allocation","32/scan/cold_scratch/a","0","0","0","0","0","384"
"allocation","32/scan/cold_scratch/needle_7fd9","0","0","0","0","0","48"
"allocation","32/scan/cold_scratch/report","0","0","0","0","0","48"
"allocation","32/scan/cold_scratch/zzqxyw_no_such_file","0","0","0","0","0","0"
"allocation","32/scan/warm_scratch/a","0","0","0","0","0","0"
"allocation","32/scan/warm_scratch/needle_7fd9","0","0","0","0","0","0"
"allocation","32/scan/warm_scratch/report","0","0","0","0","0","0"
"allocation","32/scan/warm_scratch/zzqxyw_no_such_file","0","0","0","0","0","0"
"allocation","32/upstream_candidates/cold_scratch/a","0","0","0","0","0","384"
"allocation","32/upstream_candidates/cold_scratch/needle_7fd9","0","0","0","0","0","264"
"allocation","32/upstream_candidates/cold_scratch/report","0","0","0","0","0","72"
"allocation","32/upstream_candidates/cold_scratch/zzqxyw_no_such_file","0","0","0","0","0","68"
"allocation","32/upstream_candidates/warm_scratch/a","0","0","0","0","0","0"
"allocation","32/upstream_candidates/warm_scratch/needle_7fd9","0","0","0","0","0","264"
"allocation","32/upstream_candidates/warm_scratch/report","0","0","0","0","0","72"
"allocation","32/upstream_candidates/warm_scratch/zzqxyw_no_such_file","0","0","0","0","0","68"
"allocation","32/upstream_complete/a","0","0","0","0","0","1287"
"allocation","32/upstream_complete/needle_7fd9","0","0","0","0","0","646"
"allocation","32/upstream_complete/report","0","0","0","0","0","645"
"allocation","32/upstream_complete/zzqxyw_no_such_file","0","0","0","0","0","599"
"allocation","512/flat_postings/cold_scratch/a","0","0","0","0","0","6144"
"allocation","512/flat_postings/cold_scratch/needle_7fd9","0","0","0","0","0","48"
"allocation","512/flat_postings/cold_scratch/report","0","0","0","0","0","768"
"allocation","512/flat_postings/cold_scratch/zzqxyw_no_such_file","0","0","0","0","0","0"
"allocation","512/flat_postings/warm_scratch/a","0","0","0","0","0","0"
"allocation","512/flat_postings/warm_scratch/needle_7fd9","0","0","0","0","0","0"
"allocation","512/flat_postings/warm_scratch/report","0","0","0","0","0","0"
"allocation","512/flat_postings/warm_scratch/zzqxyw_no_such_file","0","0","0","0","0","0"
"allocation","512/rarest_posting/cold_scratch/a","0","0","0","0","0","6144"
"allocation","512/rarest_posting/cold_scratch/needle_7fd9","0","0","0","0","0","48"
"allocation","512/rarest_posting/cold_scratch/report","0","0","0","0","0","768"
"allocation","512/rarest_posting/cold_scratch/zzqxyw_no_such_file","0","0","0","0","0","0"
"allocation","512/rarest_posting/warm_scratch/a","0","0","0","0","0","0"
"allocation","512/rarest_posting/warm_scratch/needle_7fd9","0","0","0","0","0","0"
"allocation","512/rarest_posting/warm_scratch/report","0","0","0","0","0","0"
"allocation","512/rarest_posting/warm_scratch/zzqxyw_no_such_file","0","0","0","0","0","0"
"allocation","512/scan/cold_scratch/a","0","0","0","0","0","6144"
"allocation","512/scan/cold_scratch/needle_7fd9","0","0","0","0","0","48"
"allocation","512/scan/cold_scratch/report","0","0","0","0","0","768"
"allocation","512/scan/cold_scratch/zzqxyw_no_such_file","0","0","0","0","0","0"
"allocation","512/scan/warm_scratch/a","0","0","0","0","0","0"
"allocation","512/scan/warm_scratch/needle_7fd9","0","0","0","0","0","0"
"allocation","512/scan/warm_scratch/report","0","0","0","0","0","0"
"allocation","512/scan/warm_scratch/zzqxyw_no_such_file","0","0","0","0","0","0"
"allocation","512/upstream_candidates/cold_scratch/a","0","0","0","0","0","6144"
"allocation","512/upstream_candidates/cold_scratch/needle_7fd9","0","0","0","0","0","264"
"allocation","512/upstream_candidates/cold_scratch/report","0","0","0","0","0","900"
"allocation","512/upstream_candidates/cold_scratch/zzqxyw_no_such_file","0","0","0","0","0","132"
"allocation","512/upstream_candidates/warm_scratch/a","0","0","0","0","0","0"
"allocation","512/upstream_candidates/warm_scratch/needle_7fd9","0","0","0","0","0","264"
"allocation","512/upstream_candidates/warm_scratch/report","0","0","0","0","0","328"
"allocation","512/upstream_candidates/warm_scratch/zzqxyw_no_such_file","0","0","0","0","0","132"
"allocation","512/upstream_complete/a","0","0","0","0","0","2601"
"allocation","512/upstream_complete/needle_7fd9","0","0","0","0","0","4966"
"allocation","512/upstream_complete/report","0","0","0","0","0","2155"
"allocation","512/upstream_complete/zzqxyw_no_such_file","0","0","0","0","0","4915"
"build","128/byte_masks","1100","1000","1100","0","1024","1024"
"build","128/compact_hash","112400","92500","133800","0","36396","77440"
"build","128/flat_postings","39200","38000","40900","0","18648","45844"
"build","128/lexical_ordinals","3800","3700","4000","0","512","1536"
"build","128/prefix_order_only","0","0","0","0","512","512"
"build","128/upstream_search_index","93600","88700","98200","0","67352","72360"
"build","150000/prefix_order_only","28100","18700","28700","0","600000","600000"
"build","2000/prefix_order_only","200","200","200","0","8000","8000"
"build","32/byte_masks","300","300","300","0","256","256"
"build","32/compact_hash","49700","49000","51600","0","15400","36000"
"build","32/flat_postings","16800","15800","19400","0","6852","14304"
"build","32/lexical_ordinals","700","700","800","0","128","384"
"build","32/prefix_order_only","100","0","100","0","128","128"
"build","32/upstream_search_index","39200","35700","58700","0","36376","41720"
"build","512/byte_masks","4600","4500","6600","0","4096","4096"
"build","512/compact_hash","302500","287500","308100","0","95580","189216"
"build","512/flat_postings","194900","175600","206400","0","58496","160100"
"build","512/lexical_ordinals","27200","23500","38500","0","2048","6144"
"build","512/prefix_order_only","100","0","100","0","2048","2048"
"build","512/upstream_search_index","242900","238900","252300","0","158120","158120"
"latency","128/prefix_then_rarest/a","100","100","100","100","0","0"
"latency","128/prefix_then_rarest/document","400","400","400","400","0","0"
"latency","128/prefix_then_rarest/mixed_queries","200","200","200","1100","0","0"
"latency","128/prefix_then_rarest/needle_7fd9","200","200","200","200","0","0"
"latency","128/prefix_then_rarest/re","1100","1100","1100","1100","0","0"
"latency","128/rarest_posting/a","1300","1300","1400","1400","0","0"
"latency","128/rarest_posting/document","400","300","400","400","0","0"
"latency","128/rarest_posting/mixed_queries","200","200","200","1400","0","0"
"latency","128/rarest_posting/needle_7fd9","200","200","200","200","0","0"
"latency","128/rarest_posting/re","1000","1000","1000","1100","0","0"
"latency","128/scan/a","1300","1300","1300","1400","0","0"
"latency","128/scan/document","2100","2100","2100","2100","0","0"
"latency","128/scan/mixed_queries","1400","1300","1400","3400","0","0"
"latency","128/scan/needle_7fd9","2900","2900","2900","3000","0","0"
"latency","128/scan/re","1000","1000","1000","1100","0","0"
"latency","150000/prefix_then_rarest/a","100","100","200","200","0","0"
"latency","150000/prefix_then_rarest/document","200","100","200","200","0","0"
"latency","150000/prefix_then_rarest/mixed_queries","900","900","1000","1304500","0","0"
"latency","150000/prefix_then_rarest/needle_7fd9","300","300","300","300","0","0"
"latency","150000/prefix_then_rarest/re","200","100","200","200","0","0"
"latency","150000/rarest_posting/a","2029100","2020600","2125800","3009500","0","0"
"latency","150000/rarest_posting/document","431800","430300","450400","726700","0","0"
"latency","150000/rarest_posting/mixed_queries","149600","138700","236700","2091000","0","0"
"latency","150000/rarest_posting/needle_7fd9","200","200","200","300","0","0"
"latency","150000/rarest_posting/re","1356300","1347700","1385500","2212400","0","0"
"latency","150000/scan/a","2037800","2030200","2071800","2995500","0","0"
"latency","150000/scan/document","2932600","2893400","2953300","4021600","0","0"
"latency","150000/scan/mixed_queries","2163300","2092500","2183800","4561400","0","0"
"latency","150000/scan/needle_7fd9","3956400","3954800","4063200","5822200","0","0"
"latency","150000/scan/re","1385500","1352000","1389000","2232200","0","0"
"latency","2000/prefix_then_rarest/a","100","100","100","100","0","0"
"latency","2000/prefix_then_rarest/document","100","100","100","200","0","0"
"latency","2000/prefix_then_rarest/mixed_queries","200","200","300","15700","0","0"
"latency","2000/prefix_then_rarest/needle_7fd9","200","200","200","300","0","0"
"latency","2000/prefix_then_rarest/re","100","100","100","200","0","0"
"latency","2000/rarest_posting/a","21900","21300","23000","24500","0","0"
"latency","2000/rarest_posting/document","4500","4000","6900","7600","0","0"
"latency","2000/rarest_posting/mixed_queries","1300","1300","1400","22400","0","0"
"latency","2000/rarest_posting/needle_7fd9","200","200","200","200","0","0"
"latency","2000/rarest_posting/re","16300","15700","27000","21600","0","0"
"latency","2000/scan/a","21100","20900","21100","22500","0","0"
"latency","2000/scan/document","35600","31300","35700","63100","0","0"
"latency","2000/scan/mixed_queries","30900","26000","31500","76200","0","0"
"latency","2000/scan/needle_7fd9","51600","51100","51800","59600","0","0"
"latency","2000/scan/re","15600","15600","16000","16400","0","0"
"latency","32/prefix_then_rarest/a","400","400","400","500","0","0"
"latency","32/prefix_then_rarest/document","200","200","200","200","0","0"
"latency","32/prefix_then_rarest/mixed_queries","200","200","200","400","0","0"
"latency","32/prefix_then_rarest/needle_7fd9","200","200","200","200","0","0"
"latency","32/prefix_then_rarest/re","300","300","400","600","0","0"
"latency","32/rarest_posting/a","400","400","600","400","0","0"
"latency","32/rarest_posting/document","200","200","300","200","0","0"
"latency","32/rarest_posting/mixed_queries","100","100","100","400","0","0"
"latency","32/rarest_posting/needle_7fd9","200","200","200","200","0","0"
"latency","32/rarest_posting/re","300","300","500","400","0","0"
"latency","32/scan/a","400","400","400","400","0","0"
"latency","32/scan/document","500","500","500","600","0","0"
"latency","32/scan/mixed_queries","400","400","400","900","0","0"
"latency","32/scan/needle_7fd9","800","800","800","900","0","0"
"latency","32/scan/re","300","300","300","300","0","0"
"latency","512/prefix_then_rarest/a","100","100","100","100","0","0"
"latency","512/prefix_then_rarest/document","100","100","200","200","0","0"
"latency","512/prefix_then_rarest/mixed_queries","200","200","200","4100","0","0"
"latency","512/prefix_then_rarest/needle_7fd9","200","200","300","300","0","0"
"latency","512/prefix_then_rarest/re","100","100","100","100","0","0"
"latency","512/rarest_posting/a","5100","5000","8900","5100","0","0"
"latency","512/rarest_posting/document","1000","1000","1600","1000","0","0"
"latency","512/rarest_posting/mixed_queries","400","400","700","5400","0","0"
"latency","512/rarest_posting/needle_7fd9","200","200","200","200","0","0"
"latency","512/rarest_posting/re","4000","3900","6500","4500","0","0"
"latency","512/scan/a","5100","5100","8800","5700","0","0"
"latency","512/scan/document","8000","7700","9400","13700","0","0"
"latency","512/scan/mixed_queries","7500","5900","9300","19000","0","0"
"latency","512/scan/needle_7fd9","12300","12300","19100","13000","0","0"
"latency","512/scan/re","4000","3900","7000","4100","0","0"
