"Corpus","Query","Tool","Sample","WallMs","CpuMs","ObservedPeakWorkingSetBytes","Matches","OutputBytes"
"source","zzqxyw_no_such_content","prototype-scan","1","26.6832","15.625","2707456","0","0"
"source","zzqxyw_no_such_content","rg-auto","1","27.293","15.625","2695168","0","0"
"source","zzqxyw_no_such_content","rg-one","1","24.2849","15.625","3469312","0","0"
"source","zzqxyw_no_such_content","git-grep-native","1","28.5901","15.625","7749632","0","0"
"source","zzqxyw_no_such_content","gnu-grep","1","33.4158","31.25","7888896","0","0"
"source","zzqxyw_no_such_content","search-original","1","27.8334","15.625","5443584","0","0"
"source","zzqxyw_no_such_content","rg-auto","2","27.8785","15.625","7827456","0","0"
"source","zzqxyw_no_such_content","rg-one","2","25.7221","15.625","6885376","0","0"
"source","zzqxyw_no_such_content","git-grep-native","2","28.1681","15.625","2715648","0","0"
"source","zzqxyw_no_such_content","gnu-grep","2","34.5601","15.625","9064448","0","0"
"source","zzqxyw_no_such_content","search-original","2","31.9056","31.25","0","0","0"
"source","zzqxyw_no_such_content","prototype-scan","2","25.1673","31.25","0","0","0"
"source","zzqxyw_no_such_content","rg-one","3","25.1812","31.25","0","0","0"
"source","zzqxyw_no_such_content","git-grep-native","3","29.1765","15.625","0","0","0"
"source","zzqxyw_no_such_content","gnu-grep","3","35.848","15.625","9093120","0","0"
"source","zzqxyw_no_such_content","search-original","3","25.3632","15.625","0","0","0"
"source","zzqxyw_no_such_content","prototype-scan","3","23.6702","0","0","0","0"
"source","zzqxyw_no_such_content","rg-auto","3","25.4351","0","7917568","0","0"
"source","zzqxyw_no_such_content","git-grep-native","4","30.6593","109.375","0","0","0"
"source","zzqxyw_no_such_content","gnu-grep","4","33.7624","15.625","9052160","0","0"
"source","zzqxyw_no_such_content","search-original","4","27.0523","15.625","0","0","0"
"source","zzqxyw_no_such_content","prototype-scan","4","22.6828","0","0","0","0"
"source","zzqxyw_no_such_content","rg-auto","4","30.095","15.625","7794688","0","0"
"source","zzqxyw_no_such_content","rg-one","4","26.0478","15.625","6307840","0","0"
"source","zzqxyw_no_such_content","gnu-grep","5","34.4237","15.625","9056256","0","0"
"source","zzqxyw_no_such_content","search-original","5","25.8432","15.625","9330688","0","0"
"source","zzqxyw_no_such_content","prototype-scan","5","23.1179","0","0","0","0"
"source","zzqxyw_no_such_content","rg-auto","5","26.1322","15.625","7794688","0","0"
"source","zzqxyw_no_such_content","rg-one","5","25.4514","31.25","0","0","0"
"source","zzqxyw_no_such_content","git-grep-native","5","30.8035","15.625","0","0","0"
"source","return","prototype-scan","1","26.479","15.625","0","559","34400"
"source","return","rg-auto","1","32.3604","46.875","0","559","34400"
"source","return","rg-one","1","34.5785","31.25","6381568","559","34400"
"source","return","git-grep-native","1","32.0612","15.625","5545984","559","34400"
"source","return","gnu-grep","1","36.9732","15.625","0","559","34400"
"source","return","search-original","1","27.9269","15.625","0","559","34959"
"source","return","rg-auto","2","29.306","0","0","559","34400"
"source","return","rg-one","2","26.6216","15.625","0","559","34400"
"source","return","git-grep-native","2","32.8606","15.625","0","559","34400"
"source","return","gnu-grep","2","34.8614","15.625","9113600","559","34400"
"source","return","search-original","2","27.2998","15.625","7495680","559","34959"
"source","return","prototype-scan","2","24.6505","31.25","0","559","34400"
"source","return","rg-one","3","28.768","15.625","0","559","34400"
"source","return","git-grep-native","3","30.6642","15.625","12759040","559","34400"
"source","return","gnu-grep","3","35.3005","15.625","8941568","559","34400"
"source","return","search-original","3","26.0507","140.625","9297920","559","34959"
"source","return","prototype-scan","3","26.6872","0","0","559","34400"
"source","return","rg-auto","3","29.7937","15.625","0","559","34400"
"source","return","git-grep-native","4","30.5491","156.25","0","559","34400"
"source","return","gnu-grep","4","35.2381","15.625","9113600","559","34400"
"source","return","search-original","4","27.6926","15.625","7872512","559","34959"
"source","return","prototype-scan","4","25.659","15.625","0","559","34400"
"source","return","rg-auto","4","31.0095","0","0","559","34400"
"source","return","rg-one","4","26.0355","15.625","0","559","34400"
"source","return","gnu-grep","5","36.8556","15.625","9134080","559","34400"
"source","return","search-original","5","26.7973","218.75","0","559","34959"
"source","return","prototype-scan","5","23.8415","0","0","559","34400"
"source","return","rg-auto","5","25.7927","15.625","7884800","559","34400"
"source","return","rg-one","5","25.5182","15.625","6426624","559","34400"
"source","return","git-grep-native","5","28.1162","15.625","12640256","559","34400"
"many","zzqxyw_no_such_content","prototype-scan","1","68.2022","46.875","4935680","0","0"
"many","zzqxyw_no_such_content","rg-auto","1","63.8161","140.625","7991296","0","0"
"many","zzqxyw_no_such_content","rg-one","1","98.9388","93.75","6303744","0","0"
"many","zzqxyw_no_such_content","git-grep-native","1","47.0211","171.875","13225984","0","0"
"many","zzqxyw_no_such_content","gnu-grep","1","181.3324","156.25","9191424","0","0"
"many","zzqxyw_no_such_content","search-original","1","44.4607","218.75","8331264","0","0"
"many","zzqxyw_no_such_content","rg-auto","2","67.554","93.75","7942144","0","0"
"many","zzqxyw_no_such_content","rg-one","2","100.1426","78.125","6307840","0","0"
"many","zzqxyw_no_such_content","git-grep-native","2","52.1432","171.875","13213696","0","0"
"many","zzqxyw_no_such_content","gnu-grep","2","171.4798","140.625","9203712","0","0"
"many","zzqxyw_no_such_content","search-original","2","44.5352","171.875","8585216","0","0"
"many","zzqxyw_no_such_content","prototype-scan","2","67.9212","62.5","4939776","0","0"
"many","zzqxyw_no_such_content","rg-one","3","102.5688","78.125","6316032","0","0"
"many","zzqxyw_no_such_content","git-grep-native","3","45.2848","171.875","8327168","0","0"
"many","zzqxyw_no_such_content","gnu-grep","3","165.2885","156.25","9191424","0","0"
"many","zzqxyw_no_such_content","search-original","3","44.2389","109.375","8495104","0","0"
"many","zzqxyw_no_such_content","prototype-scan","3","67.8893","46.875","4939776","0","0"
"many","zzqxyw_no_such_content","rg-auto","3","64.8719","109.375","7966720","0","0"
"many","zzqxyw_no_such_content","git-grep-native","4","42.7005","250","9158656","0","0"
"many","zzqxyw_no_such_content","gnu-grep","4","158.303","140.625","9199616","0","0"
"many","zzqxyw_no_such_content","search-original","4","44.375","218.75","8601600","0","0"
"many","zzqxyw_no_such_content","prototype-scan","4","72.8508","62.5","4935680","0","0"
"many","zzqxyw_no_such_content","rg-auto","4","67.1651","250","7958528","0","0"
"many","zzqxyw_no_such_content","rg-one","4","97.2952","78.125","6307840","0","0"
"many","zzqxyw_no_such_content","gnu-grep","5","163.4041","156.25","9199616","0","0"
"many","zzqxyw_no_such_content","search-original","5","44.5524","187.5","8585216","0","0"
"many","zzqxyw_no_such_content","prototype-scan","5","66.0261","46.875","4939776","0","0"
"many","zzqxyw_no_such_content","rg-auto","5","65.2605","62.5","7979008","0","0"
"many","zzqxyw_no_such_content","rg-one","5","97.1414","78.125","6307840","0","0"
"many","zzqxyw_no_such_content","git-grep-native","5","46.0057","203.125","13209600","0","0"
"many","return","prototype-scan","1","196.3494","125","4923392","81920","8337920"
"many","return","rg-auto","1","126.9773","281.25","8122368","81920","8337920"
"many","return","rg-one","1","245.5423","218.75","6377472","81920","8337920"
"many","return","git-grep-native","1","76.6382","250","16744448","81920","8337920"
"many","return","gnu-grep","1","252.1322","218.75","9322496","81920","8337920"
"many","return","search-original","1","224.2604","296.875","28930048","81920","8419840"
"many","return","rg-auto","2","74.9521","140.625","8253440","81920","8337920"
"many","return","rg-one","2","194.0013","187.5","6381568","81920","8337920"
"many","return","git-grep-native","2","73.2337","140.625","16756736","81920","8337920"
"many","return","gnu-grep","2","240.4022","203.125","9318400","81920","8337920"
"many","return","search-original","2","217.9179","296.875","29261824","81920","8419840"
"many","return","prototype-scan","2","163.5171","125","5152768","81920","8337920"
"many","return","rg-one","3","192.0849","156.25","6385664","81920","8337920"
"many","return","git-grep-native","3","75.4602","281.25","16797696","81920","8337920"
"many","return","gnu-grep","3","227.4181","203.125","9318400","81920","8337920"
"many","return","search-original","3","205.016","328.125","29118464","81920","8419840"
"many","return","prototype-scan","3","175.3511","109.375","4923392","81920","8337920"
"many","return","rg-auto","3","76.3881","171.875","8331264","81920","8337920"
"many","return","git-grep-native","4","109.3841","359.375","16732160","81920","8337920"
"many","return","gnu-grep","4","221.5335","187.5","9318400","81920","8337920"
"many","return","search-original","4","189.0528","328.125","29196288","81920","8419840"
"many","return","prototype-scan","4","155.198","109.375","4923392","81920","8337920"
"many","return","rg-auto","4","106.4343","218.75","8519680","81920","8337920"
"many","return","rg-one","4","188.7134","156.25","6377472","81920","8337920"
"many","return","gnu-grep","5","245.7925","203.125","9326592","81920","8337920"
"many","return","search-original","5","203.1793","281.25","29339648","81920","8419840"
"many","return","prototype-scan","5","166.2294","156.25","4919296","81920","8337920"
"many","return","rg-auto","5","101.8098","171.875","8810496","81920","8337920"
"many","return","rg-one","5","185.1059","156.25","6385664","81920","8337920"
"many","return","git-grep-native","5","80.9381","281.25","16711680","81920","8337920"
"single","zzqxyw_no_such_content","prototype-scan","1","34.4066","31.25","60444672","0","0"
"single","zzqxyw_no_such_content","rg-auto","1","37.6881","31.25","7733248","0","0"
"single","zzqxyw_no_such_content","rg-one","1","34.52","15.625","3747840","0","0"
"single","zzqxyw_no_such_content","git-grep-native","1","49.0455","46.875","64933888","0","0"
"single","zzqxyw_no_such_content","gnu-grep","1","73.0018","62.5","8957952","0","0"
"single","zzqxyw_no_such_content","search-original","1","48.9897","46.875","71450624","0","0"
"single","zzqxyw_no_such_content","rg-auto","2","44.0263","15.625","7770112","0","0"
"single","zzqxyw_no_such_content","rg-one","2","36.0871","15.625","6291456","0","0"
"single","zzqxyw_no_such_content","git-grep-native","2","50.2063","46.875","8302592","0","0"
"single","zzqxyw_no_such_content","gnu-grep","2","70.257","46.875","8949760","0","0"
"single","zzqxyw_no_such_content","search-original","2","47.6659","15.625","62889984","0","0"
"single","zzqxyw_no_such_content","prototype-scan","2","37.1889","31.25","60448768","0","0"
"single","zzqxyw_no_such_content","rg-one","3","34.6375","15.625","6864896","0","0"
"single","zzqxyw_no_such_content","git-grep-native","3","54.3492","31.25","26046464","0","0"
"single","zzqxyw_no_such_content","gnu-grep","3","83.9465","62.5","8978432","0","0"
"single","zzqxyw_no_such_content","search-original","3","54.4128","31.25","69492736","0","0"
"single","zzqxyw_no_such_content","prototype-scan","3","36.5526","31.25","22843392","0","0"
"single","zzqxyw_no_such_content","rg-auto","3","39.1736","15.625","7737344","0","0"
"single","zzqxyw_no_such_content","git-grep-native","4","49.9217","78.125","64958464","0","0"
"single","zzqxyw_no_such_content","gnu-grep","4","70.8833","62.5","8945664","0","0"
"single","zzqxyw_no_such_content","search-original","4","47.4925","46.875","63041536","0","0"
"single","zzqxyw_no_such_content","prototype-scan","4","33.0819","15.625","60444672","0","0"
"single","zzqxyw_no_such_content","rg-auto","4","37.0652","78.125","7761920","0","0"
"single","zzqxyw_no_such_content","rg-one","4","35.6885","15.625","0","0","0"
"single","zzqxyw_no_such_content","gnu-grep","5","72.3117","62.5","8957952","0","0"
"single","zzqxyw_no_such_content","search-original","5","47.3767","78.125","65241088","0","0"
"single","zzqxyw_no_such_content","prototype-scan","5","34.6269","15.625","0","0","0"
"single","zzqxyw_no_such_content","rg-auto","5","37.4151","15.625","7778304","0","0"
"single","zzqxyw_no_such_content","rg-one","5","31.825","15.625","6291456","0","0"
"single","zzqxyw_no_such_content","git-grep-native","5","50.7845","46.875","64913408","0","0"
"single","return","prototype-scan","1","81.5033","46.875","60477440","81920","8096192"
"single","return","rg-auto","1","72.1453","46.875","20508672","81920","8096192"
"single","return","rg-one","1","60.7949","31.25","6352896","81920","8096192"
"single","return","git-grep-native","1","98.1596","78.125","87101440","81920","8096192"
"single","return","gnu-grep","1","122.652","125","9052160","81920","8096192"
"single","return","search-original","1","231.6028","296.875","91799552","81920","8178112"
"single","return","rg-auto","2","55.6258","31.25","20512768","81920","8096192"
"single","return","rg-one","2","63.8093","46.875","6361088","81920","8096192"
"single","return","git-grep-native","2","108.9196","62.5","87134208","81920","8096192"
"single","return","gnu-grep","2","120.0934","93.75","9052160","81920","8096192"
"single","return","search-original","2","202.039","218.75","90800128","81920","8178112"
"single","return","prototype-scan","2","62.0676","46.875","60473344","81920","8096192"
"single","return","rg-one","3","61.876","46.875","6356992","81920","8096192"
"single","return","git-grep-native","3","100.1051","62.5","87187456","81920","8096192"
"single","return","gnu-grep","3","132.6863","109.375","9052160","81920","8096192"
"single","return","search-original","3","223.9807","203.125","90390528","81920","8178112"
"single","return","prototype-scan","3","57.0823","46.875","60477440","81920","8096192"
"single","return","rg-auto","3","73.8715","62.5","20586496","81920","8096192"
"single","return","git-grep-native","4","89.1626","62.5","87085056","81920","8096192"
"single","return","gnu-grep","4","145.6019","109.375","9052160","81920","8096192"
"single","return","search-original","4","234.3006","234.375","90710016","81920","8178112"
"single","return","prototype-scan","4","53.1866","62.5","60469248","81920","8096192"
"single","return","rg-auto","4","85.3055","62.5","20602880","81920","8096192"
"single","return","rg-one","4","59.5355","0","6356992","81920","8096192"
"single","return","gnu-grep","5","126.2438","78.125","9052160","81920","8096192"
"single","return","search-original","5","216.4316","171.875","90038272","81920","8178112"
"single","return","prototype-scan","5","53.8563","15.625","60473344","81920","8096192"
"single","return","rg-auto","5","60.8234","31.25","20549632","81920","8096192"
"single","return","rg-one","5","78.0641","46.875","6672384","81920","8096192"
"single","return","git-grep-native","5","91.8649","62.5","87187456","81920","8096192"
