"Corpus","Query","Tool","WallMs","CpuMs","Stderr"
"source","needle_tag_7fd9","search-original","32.3074","15.625","0 line matches in 1.4852ms"
"source","needle_tag_7fd9","prototype-scan","26.2321","0",""
"source","needle_tag_7fd9","rg-auto","30.3937","0",""
"source","needle_tag_7fd9","rg-one","30.2976","0",""
"source","needle_tag_7fd9","git-grep","51.9183","15.625",""
"source","needle_tag_7fd9","gnu-grep","39.5479","15.625",""
"source","zzqxyw_no_such_content","search-original","31.1554","0","0 line matches in 1.4962ms"
"source","zzqxyw_no_such_content","prototype-scan","25.8948","0",""
"source","zzqxyw_no_such_content","rg-auto","30.9357","15.625",""
"source","zzqxyw_no_such_content","rg-one","31.1722","0",""
"source","zzqxyw_no_such_content","git-grep","50.2891","0",""
"source","zzqxyw_no_such_content","gnu-grep","38.3513","15.625",""
"source","abcd","search-original","28.8604","15.625","1 line matches in 1.3784ms"
"source","abcd","prototype-scan","25.5073","15.625",""
"source","abcd","rg-auto","32.789","0",""
"source","abcd","rg-one","29.8101","15.625",""
"source","abcd","git-grep","49.6469","0",""
"source","abcd","gnu-grep","39.093","15.625",""
"source","return","search-original","34.1616","15.625","559 line matches in 2.254ms"
"source","return","prototype-scan","29.9559","0",""
"source","return","rg-auto","36.5367","0",""
"source","return","rg-one","33.7478","15.625",""
"source","return","git-grep","57.1407","15.625",""
"source","return","gnu-grep","42.9666","15.625",""
"source","::","search-original","36.9873","15.625","3581 line matches in 1.659ms"
"source","::","prototype-scan","28.4206","15.625",""
"source","::","rg-auto","31.2909","0",""
"source","::","rg-one","33.6052","15.625",""
"source","::","git-grep","51.2075","31.25",""
"source","::","gnu-grep","39.7917","15.625",""
"source","café","search-original","30.1718","156.25","0 line matches in 1.5428ms"
"source","café","prototype-scan","25.2022","0",""
"source","café","rg-auto","29.8678","0",""
"source","café","rg-one","28.438","15.625",""
"source","café","git-grep","48.6656","15.625",""
"source","café","gnu-grep","38.7797","31.25",""
"source","normalize_search_text","search-original","31.2339","15.625","109 line matches in 1.6092ms"
"source","normalize_search_text","prototype-scan","25.9065","0",""
"source","normalize_search_text","rg-auto","31.8114","0",""
"source","normalize_search_text","rg-one","31.304","15.625",""
"source","normalize_search_text","git-grep","51.2158","15.625",""
"source","normalize_search_text","gnu-grep","39.3995","0",""
"many","needle_tag_7fd9","search-original","49.4746","218.75","1 line matches in 20.6981ms"
"many","needle_tag_7fd9","prototype-scan","77.062","62.5",""
"many","needle_tag_7fd9","rg-auto","70.3627","109.375",""
"many","needle_tag_7fd9","rg-one","121.459","93.75",""
"many","needle_tag_7fd9","git-grep","64.7953","31.25",""
"many","needle_tag_7fd9","gnu-grep","192.4863","171.875",""
"many","zzqxyw_no_such_content","search-original","51.9936","281.25","0 line matches in 20.8601ms"
"many","zzqxyw_no_such_content","prototype-scan","78.7298","78.125",""
"many","zzqxyw_no_such_content","rg-auto","72.9241","234.375",""
"many","zzqxyw_no_such_content","rg-one","120.4389","109.375",""
"many","zzqxyw_no_such_content","git-grep","67.0965","15.625",""
"many","zzqxyw_no_such_content","gnu-grep","198.8771","171.875",""
"many","abcd","search-original","56.2096","250","76 line matches in 22.2448ms"
"many","abcd","prototype-scan","80.3653","62.5",""
"many","abcd","rg-auto","72.67","156.25",""
"many","abcd","rg-one","121.7508","109.375",""
"many","abcd","git-grep","67.6653","15.625",""
"many","abcd","gnu-grep","221.0443","171.875",""
"many","return","search-original","227.6602","406.25","81920 line matches in 21.6883ms"
"many","return","prototype-scan","189.4828","109.375",""
"many","return","rg-auto","87.4991","140.625",""
"many","return","rg-one","266.656","156.25",""
"many","return","git-grep","92.6762","0",""
"many","return","gnu-grep","277.2921","234.375",""
"many","::","search-original","45.4267","203.125","0 line matches in 18.2107ms"
"many","::","prototype-scan","67.1817","46.875",""
"many","::","rg-auto","67.6623","125",""
"many","::","rg-one","96.7108","93.75",""
"many","::","git-grep","59.095","0",""
"many","::","gnu-grep","158.4433","156.25",""
"many","café","search-original","208.9742","359.375","81920 line matches in 18.3442ms"
"many","café","prototype-scan","167.8484","156.25",""
"many","café","rg-auto","86.3021","171.875",""
"many","café","rg-one","198.9034","156.25",""
"many","café","git-grep","90.692","15.625",""
"many","café","gnu-grep","228.3663","156.25",""
"many","normalize_search_text","search-original","50.9075","125","0 line matches in 21.2604ms"
"many","normalize_search_text","prototype-scan","103.5742","78.125",""
"many","normalize_search_text","rg-auto","73.8569","140.625",""
"many","normalize_search_text","rg-one","115.7497","125",""
"many","normalize_search_text","git-grep","62.1524","15.625",""
"many","normalize_search_text","gnu-grep","175.3298","156.25",""
"single","needle_tag_7fd9","search-original","55.6466","78.125","1 line matches in 24.5146ms"
"single","needle_tag_7fd9","prototype-scan","41.7871","31.25",""
"single","needle_tag_7fd9","rg-auto","41.5735","15.625",""
"single","needle_tag_7fd9","rg-one","35.8406","31.25",""
"single","needle_tag_7fd9","git-grep","79.3894","0",""
"single","needle_tag_7fd9","gnu-grep","74.4688","62.5",""
"single","zzqxyw_no_such_content","search-original","48.6847","31.25","0 line matches in 22.5343ms"
"single","zzqxyw_no_such_content","prototype-scan","36.9205","31.25",""
"single","zzqxyw_no_such_content","rg-auto","40.8801","31.25",""
"single","zzqxyw_no_such_content","rg-one","35.2931","31.25",""
"single","zzqxyw_no_such_content","git-grep","66.4553","0",""
"single","zzqxyw_no_such_content","gnu-grep","72.6648","46.875",""
"single","abcd","search-original","51.8106","31.25","76 line matches in 22.5613ms"
"single","abcd","prototype-scan","42.5202","31.25",""
"single","abcd","rg-auto","42.0151","15.625",""
"single","abcd","rg-one","36.1325","15.625",""
"single","abcd","git-grep","94.2948","15.625",""
"single","abcd","gnu-grep","104.236","93.75",""
"single","return","search-original","275.9718","296.875","81920 line matches in 42.42ms"
"single","return","prototype-scan","63.0708","31.25",""
"single","return","rg-auto","110.0058","31.25",""
"single","return","rg-one","68.9403","15.625",""
"single","return","git-grep","166.1477","15.625",""
"single","return","gnu-grep","135.763","109.375",""
"single","::","search-original","55.519","31.25","0 line matches in 24.6391ms"
"single","::","prototype-scan","36.618","15.625",""
"single","::","rg-auto","37.4656","15.625",""
"single","::","rg-one","36.2622","15.625",""
"single","::","git-grep","61.7525","15.625",""
"single","::","gnu-grep","75.6156","78.125",""
"single","café","search-original","223.2457","328.125","81920 line matches in 35.7921ms"
"single","café","prototype-scan","62.2678","46.875",""
"single","café","rg-auto","68.082","31.25",""
"single","café","rg-one","101.4078","31.25",""
"single","café","git-grep","121.6714","31.25",""
"single","café","gnu-grep","106.4145","46.875",""
"single","normalize_search_text","search-original","47.1679","31.25","0 line matches in 21.9321ms"
"single","normalize_search_text","prototype-scan","31.7845","15.625",""
"single","normalize_search_text","rg-auto","33.5631","15.625",""
"single","normalize_search_text","rg-one","31.3977","31.25",""
"single","normalize_search_text","git-grep","65.0819","15.625",""
"single","normalize_search_text","gnu-grep","71.3055","62.5",""
