"Corpus","Query","Tool","Samples","Matches","MedianMs","P95Ms","MedianCpuMs","OutputBytes"
"many","::","git-grep","21","0","58.6185","60.4015","15.625","0"
"many","::","gnu-grep","21","0","162.6495","170.9138","156.25","0"
"many","::","prototype-scan","21","0","69.1202","72.2548","46.875","0"
"many","::","rg-auto","21","0","65.9152","68.0974","93.75","0"
"many","::","rg-one","21","0","98.2109","104.0481","78.125","0"
"many","::","search-original","21","0","44.2921","45.7296","218.75","0"
"many","abcd","git-grep","21","76","70.3387","75.0514","15.625","4180"
"many","abcd","gnu-grep","21","76","222.3783","232.9673","203.125","4180"
"many","abcd","prototype-scan","21","76","85.4592","106.7355","78.125","4180"
"many","abcd","rg-auto","21","76","75.7659","80.9348","125","4180"
"many","abcd","rg-one","21","76","125.1423","132.976","109.375","4180"
"many","abcd","search-original","21","76","49.9099","53.1295","187.5","4256"
"many","café","git-grep","21","81920","91.5119","122.3824","15.625","9813760"
"many","café","gnu-grep","21","81920","229.0801","253.111","187.5","9813760"
"many","café","prototype-scan","21","81920","160.2789","192.6678","125","9813760"
"many","café","rg-auto","21","81920","75.6441","106.52","156.25","9813760"
"many","café","rg-one","21","81920","210.3861","233.8267","171.875","9813760"
"many","café","search-original","21","81920","206.5724","231.9215","359.375","9895680"
"many","needle_tag_7fd9","git-grep","21","1","68.5267","95.2085","15.625","74"
"many","needle_tag_7fd9","gnu-grep","21","1","196.8554","238.6733","187.5","74"
"many","needle_tag_7fd9","prototype-scan","21","1","92.4025","114.05","78.125","74"
"many","needle_tag_7fd9","rg-auto","21","1","76.4027","88.6102","140.625","74"
"many","needle_tag_7fd9","rg-one","21","1","126.3642","136.6667","109.375","74"
"many","needle_tag_7fd9","search-original","21","1","52.7139","63.0928","187.5","75"
"many","normalize_search_text","git-grep","21","0","64.7731","73.7057","15.625","0"
"many","normalize_search_text","gnu-grep","21","0","174.2244","201.1585","156.25","0"
"many","normalize_search_text","prototype-scan","21","0","85.9385","97.4924","62.5","0"
"many","normalize_search_text","rg-auto","21","0","71.0457","82.0109","125","0"
"many","normalize_search_text","rg-one","21","0","114.8818","123.5194","93.75","0"
"many","normalize_search_text","search-original","21","0","46.7795","49.6194","187.5","0"
"many","return","git-grep","21","81920","94.009","123.7802","15.625","8337920"
"many","return","gnu-grep","21","81920","250.7626","295.7899","203.125","8337920"
"many","return","prototype-scan","21","81920","164.1362","208.0069","125","8337920"
"many","return","rg-auto","21","81920","86.9029","99.9424","187.5","8337920"
"many","return","rg-one","21","81920","210.1733","248.5934","171.875","8337920"
"many","return","search-original","21","81920","226.7674","255.2636","343.75","8419840"
"many","zzqxyw_no_such_content","git-grep","21","0","67.2397","72.1243","15.625","0"
"many","zzqxyw_no_such_content","gnu-grep","21","0","198.3007","205.9437","171.875","0"
"many","zzqxyw_no_such_content","prototype-scan","21","0","102.6766","109.2585","78.125","0"
"many","zzqxyw_no_such_content","rg-auto","21","0","73.5282","79.6666","109.375","0"
"many","zzqxyw_no_such_content","rg-one","21","0","121.7805","129.401","109.375","0"
"many","zzqxyw_no_such_content","search-original","21","0","50.3013","53.0061","187.5","0"
"single","::","git-grep","21","0","57.0671","59.7724","0","0"
"single","::","gnu-grep","21","0","71.6141","74.0096","62.5","0"
"single","::","prototype-scan","21","0","34.1627","36.3077","15.625","0"
"single","::","rg-auto","21","0","36.9722","38.4567","15.625","0"
"single","::","rg-one","21","0","31.5577","32.8113","15.625","0"
"single","::","search-original","21","0","47.5138","50.5107","31.25","0"
"single","abcd","git-grep","21","76","92.7885","100.1396","15.625","3937"
"single","abcd","gnu-grep","21","76","94.7401","104.6733","78.125","3937"
"single","abcd","prototype-scan","21","76","37.5359","46.0764","15.625","3937"
"single","abcd","rg-auto","21","76","39.4507","43.5627","15.625","3937"
"single","abcd","rg-one","21","76","35.4732","37.9937","15.625","3937"
"single","abcd","search-original","21","76","51.4041","56.0857","31.25","4013"
"single","café","git-grep","21","81920","114.7448","137.2123","15.625","9570754"
"single","café","gnu-grep","21","81920","109.2196","149.2015","78.125","9570754"
"single","café","prototype-scan","21","81920","63.8084","80.9026","46.875","9570754"
"single","café","rg-auto","21","81920","63.6555","91.7912","31.25","9570754"
"single","café","rg-one","21","81920","80.7274","106.1693","46.875","9570754"
"single","café","search-original","21","81920","218.7861","237.4876","203.125","9652674"
"single","needle_tag_7fd9","git-grep","21","1","69.5308","74.0432","15.625","71"
"single","needle_tag_7fd9","gnu-grep","21","1","71.929","79.4988","46.875","71"
"single","needle_tag_7fd9","prototype-scan","21","1","35.7629","37.3529","15.625","71"
"single","needle_tag_7fd9","rg-auto","21","1","38.9085","41.6752","15.625","71"
"single","needle_tag_7fd9","rg-one","21","1","33.9675","35.5033","15.625","71"
"single","needle_tag_7fd9","search-original","21","1","48.7799","50.3799","31.25","72"
"single","normalize_search_text","git-grep","21","0","65.5167","69.0634","15.625","0"
"single","normalize_search_text","gnu-grep","21","0","71.021","74.9215","62.5","0"
"single","normalize_search_text","prototype-scan","21","0","33.2094","35.1618","15.625","0"
"single","normalize_search_text","rg-auto","21","0","35.9416","39.2867","15.625","0"
"single","normalize_search_text","rg-one","21","0","31.3638","40.4571","15.625","0"
"single","normalize_search_text","search-original","21","0","46.4793","47.4289","31.25","0"
"single","return","git-grep","21","81920","115.9258","124.2991","15.625","8096192"
"single","return","gnu-grep","21","81920","123.0241","151.108","93.75","8096192"
"single","return","prototype-scan","21","81920","58.4389","72.9818","31.25","8096192"
"single","return","rg-auto","21","81920","61.4428","97.5401","31.25","8096192"
"single","return","rg-one","21","81920","65.2317","77.8615","46.875","8096192"
"single","return","search-original","21","81920","223.9936","259.7816","203.125","8178112"
"single","zzqxyw_no_such_content","git-grep","21","0","68.3167","82.1693","15.625","0"
"single","zzqxyw_no_such_content","gnu-grep","21","0","74.916","83.4271","62.5","0"
"single","zzqxyw_no_such_content","prototype-scan","21","0","36.3059","43.003","15.625","0"
"single","zzqxyw_no_such_content","rg-auto","21","0","39.166","44.8127","15.625","0"
"single","zzqxyw_no_such_content","rg-one","21","0","33.9407","40.8633","15.625","0"
"single","zzqxyw_no_such_content","search-original","21","0","50.7007","67.9867","31.25","0"
"source","::","git-grep","21","3581","50.7667","62.3092","15.625","285914"
"source","::","gnu-grep","21","3581","40.4586","46.0566","31.25","285914"
"source","::","prototype-scan","21","3581","28.7443","37.0914","15.625","285914"
"source","::","rg-auto","21","3581","31.1268","38.6124","15.625","285914"
"source","::","rg-one","21","3581","32.4035","40.2938","15.625","285914"
"source","::","search-original","21","3581","37.2277","42.8549","15.625","289495"
"source","abcd","git-grep","21","1","47.7533","55.8156","15.625","112"
"source","abcd","gnu-grep","21","1","37.6856","44.7651","15.625","112"
"source","abcd","prototype-scan","21","1","25.5423","30.1753","0","112"
"source","abcd","rg-auto","21","1","30.705","37.3376","15.625","112"
"source","abcd","rg-one","21","1","28.6285","33.6711","15.625","112"
"source","abcd","search-original","21","1","28.7292","36.8299","15.625","113"
"source","café","git-grep","21","0","47.6331","51.6541","15.625","0"
"source","café","gnu-grep","21","0","37.5328","44.1751","15.625","0"
"source","café","prototype-scan","21","0","26.0308","29.1533","15.625","0"
"source","café","rg-auto","21","0","30.5286","33.8709","15.625","0"
"source","café","rg-one","21","0","28.729","32.158","15.625","0"
"source","café","search-original","21","0","28.6517","35.8395","15.625","0"
"source","needle_tag_7fd9","git-grep","21","0","48.6038","53.0989","15.625","0"
"source","needle_tag_7fd9","gnu-grep","21","0","38.715","43.6097","15.625","0"
"source","needle_tag_7fd9","prototype-scan","21","0","27.0061","29.3366","0","0"
"source","needle_tag_7fd9","rg-auto","21","0","29.5613","35.5129","15.625","0"
"source","needle_tag_7fd9","rg-one","21","0","29.2642","35.1399","15.625","0"
"source","needle_tag_7fd9","search-original","21","0","29.4387","33.0455","0","0"
"source","normalize_search_text","git-grep","21","109","47.9059","50.2403","15.625","9826"
"source","normalize_search_text","gnu-grep","21","109","37.4008","40.5392","15.625","9826"
"source","normalize_search_text","prototype-scan","21","109","25.5806","27.9837","15.625","9826"
"source","normalize_search_text","rg-auto","21","109","30.4483","33.138","15.625","9826"
"source","normalize_search_text","rg-one","21","109","28.3984","30.1658","15.625","9826"
"source","normalize_search_text","search-original","21","109","29.1062","30.5106","15.625","9935"
"source","return","git-grep","21","559","48.4469","53.8911","15.625","34400"
"source","return","gnu-grep","21","559","39.0792","41.9446","15.625","34400"
"source","return","prototype-scan","21","559","27.0235","31.7002","0","34400"
"source","return","rg-auto","21","559","31.3611","34.9571","15.625","34400"
"source","return","rg-one","21","559","29.7647","32.0372","15.625","34400"
"source","return","search-original","21","559","29.7391","33.0999","15.625","34959"
"source","zzqxyw_no_such_content","git-grep","21","0","48.6831","55.4677","15.625","0"
"source","zzqxyw_no_such_content","gnu-grep","21","0","37.0784","40.7904","15.625","0"
"source","zzqxyw_no_such_content","prototype-scan","21","0","26.2669","33.7586","15.625","0"
"source","zzqxyw_no_such_content","rg-auto","21","0","30.1917","35.0107","15.625","0"
"source","zzqxyw_no_such_content","rg-one","21","0","29.123","33.2125","15.625","0"
"source","zzqxyw_no_such_content","search-original","21","0","29.3589","37.1084","15.625","0"
