"Corpus","Query","Tool","Samples","Matches","MedianMs","P95Ms","MedianCpuMs","OutputBytes","MedianObservedPeakWorkingSetBytes"
"many","abcd","git-grep-native","11","76","47.1182","59.0464","218.75","4180","0"
"many","abcd","rg-auto","11","76","67.7168","88.2218","93.75","4180","0"
"many","abcd","rg-catalog","11","76","63.6242","70.7849","187.5","4180","0"
"many","abcd","rg-mmap","11","76","70.1778","76.2258","140.625","4180","0"
"many","abcd","search-original","11","76","44.751","53.9409","203.125","4256","0"
"many","needle_tag_7fd9","git-grep-native","11","1","45.5315","61.5584","171.875","74","0"
"many","needle_tag_7fd9","rg-auto","11","1","66.3757","75.3561","109.375","74","0"
"many","needle_tag_7fd9","rg-catalog","11","1","62.5335","67.5422","156.25","74","0"
"many","needle_tag_7fd9","rg-mmap","11","1","69.6153","76.1705","109.375","74","0"
"many","needle_tag_7fd9","search-original","11","1","44.1004","52.5849","203.125","75","0"
"many","return","git-grep-native","11","81920","70.4599","96.5238","281.25","8337920","0"
"many","return","rg-auto","11","81920","78.3814","108.1197","187.5","8337920","0"
"many","return","rg-catalog","11","81920","90.6131","94.9865","156.25","8337920","0"
"many","return","rg-mmap","11","81920","79.5814","129.4537","281.25","8337920","0"
"many","return","search-original","11","81920","208.9894","237.7438","328.125","8419840","0"
"many","zzqxyw_no_such_content","git-grep-native","11","0","44.743","45.731","203.125","0","0"
"many","zzqxyw_no_such_content","rg-auto","11","0","64.5009","70.6199","78.125","0","0"
"many","zzqxyw_no_such_content","rg-catalog","11","0","62.0322","63.2943","187.5","0","0"
"many","zzqxyw_no_such_content","rg-mmap","11","0","69.4537","76.0717","140.625","0","0"
"many","zzqxyw_no_such_content","search-original","11","0","44.1077","46.2763","171.875","0","0"
"single","abcd","git-grep-native","11","76","74.8659","84.1415","62.5","3937","0"
"single","abcd","rg-auto","11","76","38.5787","69.131","15.625","3937","0"
"single","abcd","rg-catalog","11","76","45.7253","50.9466","31.25","3937","0"
"single","abcd","rg-mmap","11","76","50.2378","53.0153","31.25","3937","0"
"single","abcd","search-original","11","76","48.9118","77.2774","31.25","4013","0"
"single","needle_tag_7fd9","git-grep-native","11","1","51.639","52.857","31.25","71","0"
"single","needle_tag_7fd9","rg-auto","11","1","36.0888","38.6464","15.625","71","0"
"single","needle_tag_7fd9","rg-catalog","11","1","42.4176","42.9137","31.25","71","0"
"single","needle_tag_7fd9","rg-mmap","11","1","47.8954","49.3627","31.25","71","0"
"single","needle_tag_7fd9","search-original","11","1","46.3476","48.6469","31.25","72","0"
"single","return","git-grep-native","11","81920","95.3303","125.6596","78.125","8096192","0"
"single","return","rg-auto","11","81920","58.5781","88.9109","31.25","8096192","0"
"single","return","rg-catalog","11","81920","82.0339","123.0984","46.875","8096192","0"
"single","return","rg-mmap","11","81920","70.4793","95.0076","46.875","8096192","0"
"single","return","search-original","11","81920","222.8724","306.1925","203.125","8178112","0"
"single","zzqxyw_no_such_content","git-grep-native","11","0","49.7011","51.3355","31.25","0","0"
"single","zzqxyw_no_such_content","rg-auto","11","0","37.6674","41.043","15.625","0","0"
"single","zzqxyw_no_such_content","rg-catalog","11","0","42.3024","43.9974","31.25","0","0"
"single","zzqxyw_no_such_content","rg-mmap","11","0","46.8801","57.5568","31.25","0","0"
"single","zzqxyw_no_such_content","search-original","11","0","46.6172","49.2252","46.875","0","0"
"source","abcd","git-grep-native","11","1","30.9777","32.6576","15.625","112","0"
"source","abcd","rg-auto","11","1","29.8668","32.2558","15.625","112","0"
"source","abcd","rg-catalog","11","1","28.9923","31.3211","15.625","112","0"
"source","abcd","rg-mmap","11","1","29.4558","31.3095","15.625","112","0"
"source","abcd","search-original","11","1","27.3434","29.0832","15.625","113","0"
"source","needle_tag_7fd9","git-grep-native","11","0","31.4496","38.4796","15.625","0","0"
"source","needle_tag_7fd9","rg-auto","11","0","29.7167","32.4832","15.625","0","0"
"source","needle_tag_7fd9","rg-catalog","11","0","29.1327","32.529","15.625","0","0"
"source","needle_tag_7fd9","rg-mmap","11","0","29.4628","34.5705","15.625","0","0"
"source","needle_tag_7fd9","search-original","11","0","27.7661","32.874","15.625","0","0"
"source","return","git-grep-native","11","559","30.2462","33.0895","15.625","34400","0"
"source","return","rg-auto","11","559","28.0194","32.2094","0","34400","0"
"source","return","rg-catalog","11","559","29.0732","30.912","0","34400","0"
"source","return","rg-mmap","11","559","27.6629","31.0349","15.625","34400","0"
"source","return","search-original","11","559","27.7333","30.3244","15.625","34959","0"
"source","zzqxyw_no_such_content","git-grep-native","11","0","31.7967","34.6537","15.625","0","0"
"source","zzqxyw_no_such_content","rg-auto","11","0","28.525","37.7662","0","0","0"
"source","zzqxyw_no_such_content","rg-catalog","11","0","29.873","34.4474","15.625","0","0"
"source","zzqxyw_no_such_content","rg-mmap","11","0","29.1633","36.2783","15.625","0","0"
"source","zzqxyw_no_such_content","search-original","11","0","27.6066","34.5422","15.625","0","0"
