"Mode","Query","MedianNs","MinRunMedianNs","MaxRunMedianNs","MedianRunP95Ns"
"existing","","0","0","0","100"
"existing","café","37900","37700","38000","38300"
"existing","calcxyz","53900","53400","89500","67300"
"existing","chorme","46600","46400","46900","48200"
"existing","code visual","61800","61600","62400","100300"
"existing","excwl","38300","38200","38500","39000"
"existing","firefox","53900","53700","53900","71000"
"existing","firefx","46100","46100","46100","90800"
"existing","gc","26800","26700","26800","52400"
"existing","photshop","61900","61500","68400","110700"
"existing","player media windows","71500","71200","71500","76200"
"existing","terrminal","72400","72000","75300","78500"
"existing","visual studio code","70500","70200","112600","74400"
"existing","vsc","29100","28600","29500","31500"
"existing","windows term","77300","76900","77800","130700"
"existing","wmp","28800","28800","56400","29100"
"existing","wt","27200","27200","27500","59200"
"existing","zzqxy","39100","37900","68600","42100"
"existing","東京","55700","42000","76200","89400"
"initials_and_typo","","0","0","0","100"
"initials_and_typo","café","37900","37600","38100","43300"
"initials_and_typo","calcxyz","134500","134300","135000","223700"
"initials_and_typo","chorme","123300","123200","132400","207800"
"initials_and_typo","code visual","60800","60500","60900","116100"
"initials_and_typo","excwl","108200","107400","108800","208300"
"initials_and_typo","firefox","53200","53200","53300","61500"
"initials_and_typo","firefx","123100","122600","123100","199300"
"initials_and_typo","gc","27100","27000","27300","27600"
"initials_and_typo","photshop","147100","146900","147800","260400"
"initials_and_typo","player media windows","70500","70400","111700","114700"
"initials_and_typo","terrminal","162100","161100","162200","274600"
"initials_and_typo","visual studio code","69500","68900","69900","75900"
"initials_and_typo","vsc","37000","29500","57800","59100"
"initials_and_typo","windows term","76000","75900","77000","128000"
"initials_and_typo","wmp","29600","29300","29600","33600"
"initials_and_typo","wt","27600","27600","27900","28400"
"initials_and_typo","zzqxy","106900","105200","108700","201900"
"initials_and_typo","東京","42500","42200","73600","46200"
"subsequence","","0","0","0","100"
"subsequence","café","59600","59500","59700","73600"
"subsequence","calcxyz","76400","76400","77800","125000"
"subsequence","chorme","70200","69100","113400","117600"
"subsequence","code visual","84500","84200","138100","141600"
"subsequence","excwl","61800","61000","103400","70500"
"subsequence","firefox","75600","75500","76200","151800"
"subsequence","firefx","69400","68800","114200","123600"
"subsequence","gc","47500","47200","47600","51800"
"subsequence","photshop","87300","87300","87600","149900"
"subsequence","player media windows","94000","93300","146300","113400"
"subsequence","terrminal","96200","96200","96500","169200"
"subsequence","visual studio code","92300","92200","92700","107000"
"subsequence","vsc","50300","50100","88200","66800"
"subsequence","windows term","100100","99700","100100","194500"
"subsequence","wmp","49800","49600","49900","55300"
"subsequence","wt","48600","48600","48600","52500"
"subsequence","zzqxy","59000","58900","60500","65200"
"subsequence","東京","63500","63200","63700","68800"
