"File","Lines","RegexConstructionSites","ReadStringSites","WriteSites","TimerSites","LowercaseSites","SortSites"
"src\action_executor.rs","442","0","0","0","0","1","0"
"src\app_index.rs","209","0","0","0","0","2","1"
"src\calculator_dispatch.rs","105","0","0","0","0","0","0"
"src\calculator.rs","2846","25","1","1","0","21","0"
"src\calendar.rs","359","0","1","1","0","3","2"
"src\clipboard_history.rs","662","2","2","2","0","4","3"
"src\clipboard_tools.rs","206","0","0","0","0","0","0"
"src\color_tools.rs","332","0","0","0","0","0","0"
"src\command_router.rs","1532","0","0","0","0","8","2"
"src\command.rs","1","0","0","0","0","0","0"
"src\context_actions.rs","252","0","0","0","0","0","0"
"src\custom_commands.rs","320","0","0","0","0","1","1"
"src\dev_tools.rs","732","0","0","0","0","3","0"
"src\emoji_picker.rs","206","0","0","0","0","1","1"
"src\file_index.rs","703","0","1","0","0","5","2"
"src\focus.rs","515","0","3","3","0","3","0"
"src\git_commands.rs","264","0","0","0","0","0","0"
"src\github_tools.rs","226","0","0","0","0","0","0"
"src\hotkey_recorder.rs","127","0","0","0","0","0","1"
"src\icon_cache.rs","167","0","0","0","0","1","0"
"src\launcher_services.rs","51","0","0","0","0","0","0"
"src\lib.rs","45","0","0","0","0","0","0"
"src\lookup_tools.rs","387","0","0","0","0","0","0"
"src\main.rs","6","0","0","0","0","0","0"
"src\media_tools.rs","329","0","0","0","0","1","0"
"src\network_tools.rs","245","0","0","0","0","0","0"
"src\notes.rs","963","0","5","4","0","5","3"
"src\package_manager.rs","328","0","0","0","0","0","0"
"src\paths.rs","56","0","0","0","0","0","0"
"src\process_manager.rs","379","0","0","0","0","0","0"
"src\quicklinks.rs","323","0","1","1","0","4","3"
"src\recent_usage.rs","251","0","2","1","0","0","1"
"src\screenshot_tools.rs","211","0","0","0","0","1","0"
"src\search_text.rs","172","0","0","0","0","3","1"
"src\secret_store.rs","140","0","0","0","0","0","0"
"src\settings.rs","332","0","1","1","0","6","3"
"src\snippets.rs","330","0","1","1","0","4","3"
"src\startup.rs","130","0","0","0","0","0","0"
"src\system_controls.rs","258","0","0","0","0","0","0"
"src\terminal.rs","742","0","0","0","0","7","0"
"src\test_support.rs","56","0","0","0","0","0","0"
"src\timezone_resolver.rs","188","0","0","0","0","2","0"
"src\tray_icon.rs","287","0","0","0","0","0","0"
"src\ui_flow.rs","30","0","0","0","0","0","0"
"src\window_management.rs","482","0","1","1","0","0","1"
"src\bin\setup.rs","300","0","0","2","0","3","0"
"src\ui\browse_views.rs","338","0","0","0","0","0","0"
"src\ui\gpui_app.rs","4","0","0","0","0","0","0"
"src\ui\lucide_icons.rs","335","0","1","1","0","0","0"
"src\ui\markdown_note_editor.rs","357","0","0","0","0","0","0"
"src\ui\mod.rs","12","0","0","0","0","0","0"
"src\ui\platform_window.rs","52","0","0","0","0","0","0"
"src\ui\quick_note.rs","328","0","0","0","1","0","0"
"src\ui\text_area.rs","876","0","0","0","0","0","0"
"src\ui\text_editing.rs","28","0","0","0","0","0","0"
"src\ui\text_input.rs","841","0","0","0","0","0","0"
"src\ui\text_widget.rs","58","0","0","0","0","0","0"
"src\ui\theme.rs","398","0","0","0","0","0","0"
"src\ui\launcher\mod.rs","2889","0","0","0","9","0","1"
"src\ui\launcher\result_list.rs","1399","0","0","0","3","1","0"
"src\ui\launcher\settings_panel.rs","1401","0","0","0","0","5","0"
