case,iterations_per_batch,batches,median_batch_ns_per_op,p95_batch_ns_per_op,allocation_calls_per_op,cumulative_requested_bytes_per_op
route/legacy_owned,10000,31,133.45,217.67,3.50,92.10
route/borrowed_prefix,10000,31,15.57,15.95,0.00,0.00
lookup/match,100000,31,2.61,2.84,0.00,0.00
lookup/linear,100000,31,3.08,3.14,0.00,0.00
lookup/hashmap,100000,31,10.24,15.38,0.00,0.00
normalize/cache_hit,10000,31,42.03,43.17,1.00,18.00
normalize/direct,10000,31,102.71,131.86,3.00,100.00
normalize/borrow_ascii,10000,31,17.95,18.39,0.00,0.00
normalize/cache_churn_512,10000,31,313.31,495.48,6.00,164.00
normalize/direct_churn_512,10000,31,98.80,129.14,3.00,102.40
regex/compile_and_match,10,31,236610.00,352270.00,1937.00,680228.00
regex/reused_match,10000,31,19.88,40.90,0.00,0.00
top12/8/legacy_clone_partial,10000,31,1161.02,1340.53,48.00,1020.00
top12/8/borrowed_partial,10000,31,41.36,58.33,1.00,64.00
top12/8/full_sort,10000,31,46.34,48.90,1.00,64.00
top12/8/bounded_heap,10000,31,105.85,152.79,1.00,384.00
top12/8/fixed_buffer,10000,31,107.49,130.87,1.00,64.00
top12/2000/legacy_clone_partial,30,31,222333.33,297783.33,9044.00,228084.00
top12/2000/borrowed_partial,30,31,4370.00,4510.00,1.00,16000.00
top12/2000/full_sort,30,31,42073.33,65860.00,1.00,16000.00
top12/2000/bounded_heap,30,31,2610.00,2933.33,1.00,384.00
top12/2000/fixed_buffer,30,31,3696.67,3940.00,1.00,96.00
top12/50000/legacy_clone_partial,2,31,6132950.00,7914050.00,213077.00,5932204.00
top12/50000/borrowed_partial,2,31,132150.00,267350.00,1.00,400000.00
top12/50000/full_sort,2,31,3035600.00,3502600.00,1.00,400000.00
top12/50000/bounded_heap,2,31,49000.00,50600.00,1.00,384.00
top12/50000/fixed_buffer,2,31,49150.00,51500.00,1.00,96.00
top12/150000/legacy_clone_partial,2,31,15605050.00,17559050.00,553339.00,18348340.00
top12/150000/borrowed_partial,2,31,504300.00,730050.00,1.00,1200000.00
top12/150000/full_sort,2,31,11953800.00,13437700.00,1.00,1200000.00
top12/150000/bounded_heap,2,31,147850.00,229700.00,1.00,384.00
top12/150000/fixed_buffer,2,31,140350.00,151300.00,1.00,96.00
top12/2000_best_first/legacy_clone_partial,30,31,241000.00,365543.33,9744.00,240684.00
top12/2000_best_first/borrowed_partial,30,31,4706.67,5326.67,1.00,16000.00
top12/2000_best_first/full_sort,30,31,5733.33,6240.00,1.00,16000.00
top12/2000_best_first/bounded_heap,30,31,2020.00,2176.67,1.00,384.00
top12/2000_best_first/fixed_buffer,30,31,1623.33,2050.00,1.00,96.00
top12/2000_worst_first/legacy_clone_partial,30,31,186063.33,317013.33,7392.00,198348.00
top12/2000_worst_first/borrowed_partial,30,31,3550.00,5570.00,1.00,16000.00
top12/2000_worst_first/full_sort,30,31,6166.67,7150.00,1.00,16000.00
top12/2000_worst_first/bounded_heap,30,31,45720.00,66883.33,1.00,384.00
top12/2000_worst_first/fixed_buffer,30,31,70396.67,87343.33,1.00,96.00
route_more/mixed/stack_lower_match,50000,31,15.86,19.09,0.00,0.00
route_more/mixed/canonical_first,50000,31,15.01,23.24,0.00,0.00
route_more/mixed/ascii_comparisons,50000,31,17.83,24.01,0.00,0.00
route_more/mixed/binary_search,50000,31,33.18,43.29,0.00,0.00
route_more/uppercase_misses/stack_lower_match,50000,31,21.49,32.95,0.00,0.00
route_more/uppercase_misses/canonical_first,50000,31,46.16,66.43,0.00,0.00
route_more/uppercase_misses/ascii_comparisons,50000,31,25.12,33.27,0.00,0.00
route_more/uppercase_misses/binary_search,50000,31,43.23,60.36,0.00,0.00
normalize_more/canonical/owned,20000,31,96.08,121.37,3.00,100.00
normalize_more/canonical/borrow_or_owned,20000,31,18.27,20.18,0.00,0.00
normalize_more/canonical/reused_buffer,20000,31,23.90,29.55,0.00,0.00
normalize_more/mixed_ascii/owned,20000,31,100.89,170.07,3.00,103.00
normalize_more/mixed_ascii/borrow_or_owned,20000,31,104.03,144.17,3.00,103.00
normalize_more/mixed_ascii/reused_buffer,20000,31,26.86,44.64,0.00,0.00
normalize_more/unicode/owned,20000,31,154.74,227.22,3.00,91.00
normalize_more/unicode/borrow_or_owned,20000,31,157.88,222.68,3.00,91.00
normalize_more/unicode/reused_buffer,20000,31,170.81,261.55,3.00,91.00
