"Case","MedianNanoseconds","MinimumRunMedianNanoseconds","MaximumRunMedianNanoseconds","MedianRunP95BatchNanoseconds","AllocationCallsPerOperation","CumulativeRequestedBytesPerOperation"
"lookup/hashmap","10.28","10.24","10.5","15.38","0.00","0.00"
"lookup/linear","2.69","2.5","3.08","3.14","0.00","0.00"
"lookup/match","2.61","2.54","2.69","2.73","0.00","0.00"
"normalize_more/canonical/borrow_or_owned","18.27","18.16","19.81","25.84","0.00","0.00"
"normalize_more/canonical/owned","96.08","95.28","98.03","146.41","3.00","100.00"
"normalize_more/canonical/reused_buffer","23.97","23.9","24.14","29.95","0.00","0.00"
"normalize_more/mixed_ascii/borrow_or_owned","104.03","102.62","104.6","139.44","3.00","103.00"
"normalize_more/mixed_ascii/owned","100.89","100.15","102.48","170.07","3.00","103.00"
"normalize_more/mixed_ascii/reused_buffer","26.93","26.86","27.29","44.64","0.00","0.00"
"normalize_more/unicode/borrow_or_owned","159.35","157.88","162.84","260.71","3.00","91.00"
"normalize_more/unicode/owned","154.74","153.56","157.43","227.22","3.00","91.00"
"normalize_more/unicode/reused_buffer","167.45","166.81","170.81","238.88","3.00","91.00"
"normalize/borrow_ascii","17.95","17.95","18.05","19.38","0.00","0.00"
"normalize/cache_churn_512","313.31","310.79","356.63","495.48","6.00","164.00"
"normalize/cache_hit","42.99","42.03","44.27","44.87","1.00","18.00"
"normalize/direct","105.15","102.71","115.16","182.9","3.00","100.00"
"normalize/direct_churn_512","99.26","98.8","109.24","172.7","3.00","102.40"
"regex/compile_and_match","228710","225840","236610","329400","1937.00","680228.00"
"regex/reused_match","19.88","19.64","20.06","21.21","0.00","0.00"
"route_more/mixed/ascii_comparisons","18.23","17.83","18.42","24.25","0.00","0.00"
"route_more/mixed/binary_search","33.26","33.18","41.83","44.87","0.00","0.00"
"route_more/mixed/canonical_first","14.96","14.95","15.01","22","0.00","0.00"
"route_more/mixed/stack_lower_match","15.98","15.86","16.07","25.24","0.00","0.00"
"route_more/uppercase_misses/ascii_comparisons","24.74","24.5","25.12","35.62","0.00","0.00"
"route_more/uppercase_misses/binary_search","42.74","42.53","43.23","60.36","0.00","0.00"
"route_more/uppercase_misses/canonical_first","38.18","37.19","46.16","60.46","0.00","0.00"
"route_more/uppercase_misses/stack_lower_match","21.49","21.46","21.91","33.26","0.00","0.00"
"route/borrowed_prefix","15.63","15.57","22.05","16.05","0.00","0.00"
"route/legacy_owned","133.75","133.45","154.03","207.02","3.50","92.10"
"top12/150000/borrowed_partial","511100","504300","518900","702650","1.00","1200000.00"
"top12/150000/bounded_heap","145900","144000","147850","229700","1.00","384.00"
"top12/150000/fixed_buffer","140350","138550","140350","263850","1.00","96.00"
"top12/150000/full_sort","11791950","11665950","11953800","12832350","1.00","1200000.00"
"top12/150000/legacy_clone_partial","15606950","15605050","20267800","20104200","553339.00","18348340.00"
"top12/2000_best_first/borrowed_partial","4826.67","4706.67","5790","5326.67","1.00","16000.00"
"top12/2000_best_first/bounded_heap","2026.67","2020","2056.67","2193.33","1.00","384.00"
"top12/2000_best_first/fixed_buffer","2000","1623.33","2086.67","2570","1.00","96.00"
"top12/2000_best_first/full_sort","5733.33","5700","5840","7296.67","1.00","16000.00"
"top12/2000_best_first/legacy_clone_partial","241000","239200","335446.67","365543.33","9744.00","240684.00"
"top12/2000_worst_first/borrowed_partial","3556.67","3550","3810","5570","1.00","16000.00"
"top12/2000_worst_first/bounded_heap","45720","44613.33","46053.33","67836.67","1.00","384.00"
"top12/2000_worst_first/fixed_buffer","71566.67","70396.67","72370","87343.33","1.00","96.00"
"top12/2000_worst_first/full_sort","6166.67","6090","6253.33","7150","1.00","16000.00"
"top12/2000_worst_first/legacy_clone_partial","186063.33","181850","249786.67","299250","7392.00","198348.00"
"top12/2000/borrowed_partial","4370","4330","4453.33","4510","1.00","16000.00"
"top12/2000/bounded_heap","2606.67","2590","2610","2780","1.00","384.00"
"top12/2000/fixed_buffer","3713.33","3696.67","3736.67","3940","1.00","96.00"
"top12/2000/full_sort","42073.33","41613.33","42913.33","73693.33","1.00","16000.00"
"top12/2000/legacy_clone_partial","226593.33","222333.33","298556.67","313583.33","9044.00","228084.00"
"top12/50000/borrowed_partial","132150","129350","178200","244100","1.00","400000.00"
"top12/50000/bounded_heap","50100","49000","50500","52600","1.00","384.00"
"top12/50000/fixed_buffer","49450","49150","49950","51500","1.00","96.00"
"top12/50000/full_sort","3035600","3034250","3094000","3976700","1.00","400000.00"
"top12/50000/legacy_clone_partial","6132950","5555800","7457300","7914050","213077.00","5932204.00"
"top12/8/borrowed_partial","41.77","41.36","44.31","64.05","1.00","64.00"
"top12/8/bounded_heap","105.58","104.28","105.85","152.79","1.00","384.00"
"top12/8/fixed_buffer","107.49","107.28","108.15","139.19","1.00","64.00"
"top12/8/full_sort","47.19","46.34","79.15","79.57","1.00","64.00"
"top12/8/legacy_clone_partial","1213.73","1161.02","1546.8","1412.11","48.00","1020.00"
